REGION,SETTLEMENTDATE,TOTALDEMAND,RRP,PERIODTYPE
SA1,2020/05/01 00:30:00,1453.75,9.81,TRADE
SA1,2020/05/01 01:00:00,1397.24,8.24,TRADE
SA1,2020/05/01 01:30:00,1309.91,-7.18,TRADE
SA1,2020/05/01 02:00:00,1201.2,-0.65,TRADE
SA1,2020/05/01 02:30:00,1157.14,-0.29,TRADE
SA1,2020/05/01 03:00:00,1110.19,-10.09,TRADE
SA1,2020/05/01 03:30:00,1076.33,-5.92,TRADE
SA1,2020/05/01 04:00:00,1038.84,-10.89,TRADE
SA1,2020/05/01 04:30:00,1049.91,-19.30,TRADE
SA1,2020/05/01 05:00:00,1038.86,-6.64,TRADE
SA1,2020/05/01 05:30:00,1061.05,-0.12,TRADE
SA1,2020/05/01 06:00:00,1099.86,0.97,TRADE
SA1,2020/05/01 06:30:00,1121.86,20.84,TRADE
SA1,2020/05/01 07:00:00,1202.37,32.17,TRADE
SA1,2020/05/01 07:30:00,1285.01,35.89,TRADE
SA1,2020/05/01 08:00:00,1348.33,38.83,TRADE
SA1,2020/05/01 08:30:00,1420.72,39.82,TRADE
SA1,2020/05/01 09:00:00,1450.62,41.63,TRADE
SA1,2020/05/01 09:30:00,1405.62,41.06,TRADE
SA1,2020/05/01 10:00:00,1346.94,38.18,TRADE
SA1,2020/05/01 10:30:00,1261.2,34.55,TRADE
SA1,2020/05/01 11:00:00,1176.67,35.45,TRADE
SA1,2020/05/01 11:30:00,1064.26,31.81,TRADE
SA1,2020/05/01 12:00:00,1007.88,19.31,TRADE
SA1,2020/05/01 12:30:00,1000.44,17.13,TRADE
SA1,2020/05/01 13:00:00,1032.05,18.36,TRADE
SA1,2020/05/01 13:30:00,1049.24,7.32,TRADE
SA1,2020/05/01 14:00:00,1033.09,23.07,TRADE
SA1,2020/05/01 14:30:00,928.73,14.80,TRADE
SA1,2020/05/01 15:00:00,945.56,18.06,TRADE
SA1,2020/05/01 15:30:00,955.48,15.64,TRADE
SA1,2020/05/01 16:00:00,1045.53,27.52,TRADE
SA1,2020/05/01 16:30:00,1227.04,33.26,TRADE
SA1,2020/05/01 17:00:00,1283.23,36.19,TRADE
SA1,2020/05/01 17:30:00,1415.14,39.48,TRADE
SA1,2020/05/01 18:00:00,1532.24,47.17,TRADE
SA1,2020/05/01 18:30:00,1627.02,41.90,TRADE
SA1,2020/05/01 19:00:00,1657.74,38.25,TRADE
SA1,2020/05/01 19:30:00,1622.31,34.22,TRADE
SA1,2020/05/01 20:00:00,1555.24,34.20,TRADE
SA1,2020/05/01 20:30:00,1517.71,33.94,TRADE
SA1,2020/05/01 21:00:00,1460.27,29.74,TRADE
SA1,2020/05/01 21:30:00,1428.31,16.65,TRADE
SA1,2020/05/01 22:00:00,1358.75,2.01,TRADE
SA1,2020/05/01 22:30:00,1315.19,25.33,TRADE
SA1,2020/05/01 23:00:00,1265.84,20.25,TRADE
SA1,2020/05/01 23:30:00,1235.01,33.47,TRADE
SA1,2020/05/02 00:00:00,1420.91,29.47,TRADE
SA1,2020/05/02 00:30:00,1389.21,27.16,TRADE
SA1,2020/05/02 01:00:00,1311.13,27.84,TRADE
SA1,2020/05/02 01:30:00,1226.45,19.31,TRADE
SA1,2020/05/02 02:00:00,1153.57,-0.07,TRADE
SA1,2020/05/02 02:30:00,1084.05,15.40,TRADE
SA1,2020/05/02 03:00:00,1055.13,0.15,TRADE
SA1,2020/05/02 03:30:00,1005.69,-6.12,TRADE
SA1,2020/05/02 04:00:00,1001.46,-8.54,TRADE
SA1,2020/05/02 04:30:00,967.54,-8.07,TRADE
SA1,2020/05/02 05:00:00,972.57,-2.85,TRADE
SA1,2020/05/02 05:30:00,983.2,0.85,TRADE
SA1,2020/05/02 06:00:00,974.42,-0.17,TRADE
SA1,2020/05/02 06:30:00,983.44,-1.58,TRADE
SA1,2020/05/02 07:00:00,1006.82,14.41,TRADE
SA1,2020/05/02 07:30:00,1015.53,21.26,TRADE
SA1,2020/05/02 08:00:00,1014.66,22.08,TRADE
SA1,2020/05/02 08:30:00,1005.43,20.13,TRADE
SA1,2020/05/02 09:00:00,983.28,27.08,TRADE
SA1,2020/05/02 09:30:00,983.35,27.44,TRADE
SA1,2020/05/02 10:00:00,972.33,17.75,TRADE
SA1,2020/05/02 10:30:00,879.01,12.43,TRADE
SA1,2020/05/02 11:00:00,837.39,16.19,TRADE
SA1,2020/05/02 11:30:00,759.76,0.21,TRADE
SA1,2020/05/02 12:00:00,786.44,4.84,TRADE
SA1,2020/05/02 12:30:00,731.26,-1.65,TRADE
SA1,2020/05/02 13:00:00,772.92,3.08,TRADE
SA1,2020/05/02 13:30:00,755.33,-0.84,TRADE
SA1,2020/05/02 14:00:00,726.16,-2.53,TRADE
SA1,2020/05/02 14:30:00,724.76,-5.03,TRADE
SA1,2020/05/02 15:00:00,815.19,11.84,TRADE
SA1,2020/05/02 15:30:00,829.27,13.80,TRADE
SA1,2020/05/02 16:00:00,922.17,23.55,TRADE
SA1,2020/05/02 16:30:00,1008.88,26.58,TRADE
SA1,2020/05/02 17:00:00,1124.56,32.97,TRADE
SA1,2020/05/02 17:30:00,1257.86,33.74,TRADE
SA1,2020/05/02 18:00:00,1408.07,60.80,TRADE
SA1,2020/05/02 18:30:00,1507.24,43,TRADE
SA1,2020/05/02 19:00:00,1553.73,38.72,TRADE
SA1,2020/05/02 19:30:00,1515.47,36.22,TRADE
SA1,2020/05/02 20:00:00,1501.71,38.72,TRADE
SA1,2020/05/02 20:30:00,1468.63,37.65,TRADE
SA1,2020/05/02 21:00:00,1450.2,36.71,TRADE
SA1,2020/05/02 21:30:00,1435.02,38.32,TRADE
SA1,2020/05/02 22:00:00,1407.07,37.58,TRADE
SA1,2020/05/02 22:30:00,1378.84,38.53,TRADE
SA1,2020/05/02 23:00:00,1353.83,38.28,TRADE
SA1,2020/05/02 23:30:00,1375.88,47.10,TRADE
SA1,2020/05/03 00:00:00,1554.31,111.98,TRADE
SA1,2020/05/03 00:30:00,1509.27,36.32,TRADE
SA1,2020/05/03 01:00:00,1462.93,39.66,TRADE
SA1,2020/05/03 01:30:00,1396.84,44.24,TRADE
SA1,2020/05/03 02:00:00,1310.54,44.11,TRADE
SA1,2020/05/03 02:30:00,1254.42,33.24,TRADE
SA1,2020/05/03 03:00:00,1226.18,30.88,TRADE
SA1,2020/05/03 03:30:00,1195.8,37.75,TRADE
SA1,2020/05/03 04:00:00,1187.39,40.04,TRADE
SA1,2020/05/03 04:30:00,1173.21,44.32,TRADE
SA1,2020/05/03 05:00:00,1167.64,40.63,TRADE
SA1,2020/05/03 05:30:00,1168.9,49,TRADE
SA1,2020/05/03 06:00:00,1175.86,48.11,TRADE
SA1,2020/05/03 06:30:00,1166.85,47.06,TRADE
SA1,2020/05/03 07:00:00,1178.3,44.17,TRADE
SA1,2020/05/03 07:30:00,1210.36,50.69,TRADE
SA1,2020/05/03 08:00:00,1214.23,49.42,TRADE
SA1,2020/05/03 08:30:00,1220.59,48.45,TRADE
SA1,2020/05/03 09:00:00,1240.39,49.68,TRADE
SA1,2020/05/03 09:30:00,1218.61,48.13,TRADE
SA1,2020/05/03 10:00:00,1196.86,48.07,TRADE
SA1,2020/05/03 10:30:00,1147.81,46.83,TRADE
SA1,2020/05/03 11:00:00,1123.56,40.82,TRADE
SA1,2020/05/03 11:30:00,1113.84,41.81,TRADE
SA1,2020/05/03 12:00:00,1099.01,33.14,TRADE
SA1,2020/05/03 12:30:00,1114.12,28.48,TRADE
SA1,2020/05/03 13:00:00,1132.58,14.49,TRADE
SA1,2020/05/03 13:30:00,1125.63,12.04,TRADE
SA1,2020/05/03 14:00:00,1151.84,29.57,TRADE
SA1,2020/05/03 14:30:00,1150.01,35.66,TRADE
SA1,2020/05/03 15:00:00,1159,32.60,TRADE
SA1,2020/05/03 15:30:00,1133.37,35.10,TRADE
SA1,2020/05/03 16:00:00,1190.13,43,TRADE
SA1,2020/05/03 16:30:00,1299.17,45.47,TRADE
SA1,2020/05/03 17:00:00,1427.61,50.47,TRADE
SA1,2020/05/03 17:30:00,1530.62,55.11,TRADE
SA1,2020/05/03 18:00:00,1641.4,67.71,TRADE
SA1,2020/05/03 18:30:00,1737.21,67.25,TRADE
SA1,2020/05/03 19:00:00,1773.21,62.97,TRADE
SA1,2020/05/03 19:30:00,1744.08,51.89,TRADE
SA1,2020/05/03 20:00:00,1706.54,48.73,TRADE
SA1,2020/05/03 20:30:00,1656.6,59.47,TRADE
SA1,2020/05/03 21:00:00,1609.95,52.94,TRADE
SA1,2020/05/03 21:30:00,1575.97,48.12,TRADE
SA1,2020/05/03 22:00:00,1518.19,44.54,TRADE
SA1,2020/05/03 22:30:00,1466.44,51.19,TRADE
SA1,2020/05/03 23:00:00,1432.4,45.66,TRADE
SA1,2020/05/03 23:30:00,1389,48.89,TRADE
SA1,2020/05/04 00:00:00,1589.41,52.73,TRADE
SA1,2020/05/04 00:30:00,1552.26,50.83,TRADE
SA1,2020/05/04 01:00:00,1516.29,48.09,TRADE
SA1,2020/05/04 01:30:00,1442.48,45.85,TRADE
SA1,2020/05/04 02:00:00,1361.5,43.29,TRADE
SA1,2020/05/04 02:30:00,1309.84,42.18,TRADE
SA1,2020/05/04 03:00:00,1266.89,38.86,TRADE
SA1,2020/05/04 03:30:00,1229.49,34.73,TRADE
SA1,2020/05/04 04:00:00,1193.74,26.99,TRADE
SA1,2020/05/04 04:30:00,1187.56,30.84,TRADE
SA1,2020/05/04 05:00:00,1184.17,36.43,TRADE
SA1,2020/05/04 05:30:00,1192.72,39.37,TRADE
SA1,2020/05/04 06:00:00,1228.25,39,TRADE
SA1,2020/05/04 06:30:00,1278.21,42.82,TRADE
SA1,2020/05/04 07:00:00,1376.09,56.93,TRADE
SA1,2020/05/04 07:30:00,1455.22,74.59,TRADE
SA1,2020/05/04 08:00:00,1502.6,116.18,TRADE
SA1,2020/05/04 08:30:00,1537.41,66.98,TRADE
SA1,2020/05/04 09:00:00,1517.33,64.06,TRADE
SA1,2020/05/04 09:30:00,1437.51,59.48,TRADE
SA1,2020/05/04 10:00:00,1391.86,54.87,TRADE
SA1,2020/05/04 10:30:00,1315.38,48.53,TRADE
SA1,2020/05/04 11:00:00,1262.64,54.68,TRADE
SA1,2020/05/04 11:30:00,1183.72,38.43,TRADE
SA1,2020/05/04 12:00:00,1111.29,40.29,TRADE
SA1,2020/05/04 12:30:00,1027.79,38.95,TRADE
SA1,2020/05/04 13:00:00,983.51,38.94,TRADE
SA1,2020/05/04 13:30:00,949.87,37.87,TRADE
SA1,2020/05/04 14:00:00,949.65,38.60,TRADE
SA1,2020/05/04 14:30:00,945.43,38.70,TRADE
SA1,2020/05/04 15:00:00,970.29,39.08,TRADE
SA1,2020/05/04 15:30:00,1021.82,38.41,TRADE
SA1,2020/05/04 16:00:00,1090.47,44.11,TRADE
SA1,2020/05/04 16:30:00,1206.82,48.60,TRADE
SA1,2020/05/04 17:00:00,1354.98,53.03,TRADE
SA1,2020/05/04 17:30:00,1510.4,116.83,TRADE
SA1,2020/05/04 18:00:00,1664.49,220.99,TRADE
SA1,2020/05/04 18:30:00,1800.95,72.12,TRADE
SA1,2020/05/04 19:00:00,1866.84,55.39,TRADE
SA1,2020/05/04 19:30:00,1831.2,48.41,TRADE
SA1,2020/05/04 20:00:00,1791.31,47.95,TRADE
SA1,2020/05/04 20:30:00,1740.61,53.30,TRADE
SA1,2020/05/04 21:00:00,1712.71,48.25,TRADE
SA1,2020/05/04 21:30:00,1667.88,47.37,TRADE
SA1,2020/05/04 22:00:00,1610.08,43.31,TRADE
SA1,2020/05/04 22:30:00,1537.75,44.80,TRADE
SA1,2020/05/04 23:00:00,1477.6,39.16,TRADE
SA1,2020/05/04 23:30:00,1440.35,43.30,TRADE
SA1,2020/05/05 00:00:00,1588.79,47.49,TRADE
SA1,2020/05/05 00:30:00,1513.43,44.15,TRADE
SA1,2020/05/05 01:00:00,1458.51,42.87,TRADE
SA1,2020/05/05 01:30:00,1372.39,43.46,TRADE
SA1,2020/05/05 02:00:00,1298.64,40.23,TRADE
SA1,2020/05/05 02:30:00,1263.35,36.84,TRADE
SA1,2020/05/05 03:00:00,1240.29,35.69,TRADE
SA1,2020/05/05 03:30:00,1182.64,32.82,TRADE
SA1,2020/05/05 04:00:00,1160.17,29.92,TRADE
SA1,2020/05/05 04:30:00,1142.1,34.13,TRADE
SA1,2020/05/05 05:00:00,1140.72,13.76,TRADE
SA1,2020/05/05 05:30:00,1138.3,24.03,TRADE
SA1,2020/05/05 06:00:00,1151.07,33.53,TRADE
SA1,2020/05/05 06:30:00,1184.72,35.94,TRADE
SA1,2020/05/05 07:00:00,1268.73,38.12,TRADE
SA1,2020/05/05 07:30:00,1362.53,40.69,TRADE
SA1,2020/05/05 08:00:00,1445.06,41.21,TRADE
SA1,2020/05/05 08:30:00,1451.95,41.21,TRADE
SA1,2020/05/05 09:00:00,1394.54,39.84,TRADE
SA1,2020/05/05 09:30:00,1253.39,27.67,TRADE
SA1,2020/05/05 10:00:00,1138.79,27.08,TRADE
SA1,2020/05/05 10:30:00,1007.92,21.19,TRADE
SA1,2020/05/05 11:00:00,928.42,29.75,TRADE
SA1,2020/05/05 11:30:00,861,25.73,TRADE
SA1,2020/05/05 12:00:00,784,16.09,TRADE
SA1,2020/05/05 12:30:00,773.75,16.75,TRADE
SA1,2020/05/05 13:00:00,760.05,20.20,TRADE
SA1,2020/05/05 13:30:00,777.94,17.30,TRADE
SA1,2020/05/05 14:00:00,880.2,20.80,TRADE
SA1,2020/05/05 14:30:00,989.78,29.35,TRADE
SA1,2020/05/05 15:00:00,953.88,25.37,TRADE
SA1,2020/05/05 15:30:00,1035.36,27.74,TRADE
SA1,2020/05/05 16:00:00,1024.08,35.51,TRADE
SA1,2020/05/05 16:30:00,1132.43,38.57,TRADE
SA1,2020/05/05 17:00:00,1278.02,41.76,TRADE
SA1,2020/05/05 17:30:00,1397.39,48.42,TRADE
SA1,2020/05/05 18:00:00,1548.79,76.84,TRADE
SA1,2020/05/05 18:30:00,1709.15,60.45,TRADE
SA1,2020/05/05 19:00:00,1766.27,46.66,TRADE
SA1,2020/05/05 19:30:00,1736.8,44.34,TRADE
SA1,2020/05/05 20:00:00,1675.79,41.62,TRADE
SA1,2020/05/05 20:30:00,1608.88,37.79,TRADE
SA1,2020/05/05 21:00:00,1564.77,37.29,TRADE
SA1,2020/05/05 21:30:00,1511.87,40.73,TRADE
SA1,2020/05/05 22:00:00,1448.01,34.69,TRADE
SA1,2020/05/05 22:30:00,1368.36,18.43,TRADE
SA1,2020/05/05 23:00:00,1313.48,15.28,TRADE
SA1,2020/05/05 23:30:00,1274.86,31.54,TRADE
SA1,2020/05/06 00:00:00,1465.51,33.31,TRADE
SA1,2020/05/06 00:30:00,1445.34,9.71,TRADE
SA1,2020/05/06 01:00:00,1386.09,3.52,TRADE
SA1,2020/05/06 01:30:00,1303.32,-2.89,TRADE
SA1,2020/05/06 02:00:00,1231.58,-15.87,TRADE
SA1,2020/05/06 02:30:00,1176.52,-12.82,TRADE
SA1,2020/05/06 03:00:00,1151.97,-5.88,TRADE
SA1,2020/05/06 03:30:00,1132.12,-6.29,TRADE
SA1,2020/05/06 04:00:00,1095.53,-4.13,TRADE
SA1,2020/05/06 04:30:00,1078.11,-6.62,TRADE
SA1,2020/05/06 05:00:00,1073.62,-2.12,TRADE
SA1,2020/05/06 05:30:00,1092.23,-1.48,TRADE
SA1,2020/05/06 06:00:00,1116.59,16.78,TRADE
SA1,2020/05/06 06:30:00,1173.42,9.61,TRADE
SA1,2020/05/06 07:00:00,1245.38,20.12,TRADE
SA1,2020/05/06 07:30:00,1292.47,30.95,TRADE
SA1,2020/05/06 08:00:00,1364.25,32.99,TRADE
SA1,2020/05/06 08:30:00,1415.9,32.98,TRADE
SA1,2020/05/06 09:00:00,1386.74,26.84,TRADE
SA1,2020/05/06 09:30:00,1291.55,30.99,TRADE
SA1,2020/05/06 10:00:00,1191.91,23.51,TRADE
SA1,2020/05/06 10:30:00,1069.39,-2.08,TRADE
SA1,2020/05/06 11:00:00,963.9,0.34,TRADE
SA1,2020/05/06 11:30:00,838.48,-5.26,TRADE
SA1,2020/05/06 12:00:00,837.09,0.18,TRADE
SA1,2020/05/06 12:30:00,814.15,0.62,TRADE
SA1,2020/05/06 13:00:00,822.73,-3.19,TRADE
SA1,2020/05/06 13:30:00,809.48,-0.41,TRADE
SA1,2020/05/06 14:00:00,896.25,9.77,TRADE
SA1,2020/05/06 14:30:00,937.51,11.80,TRADE
SA1,2020/05/06 15:00:00,948.24,19.51,TRADE
SA1,2020/05/06 15:30:00,990.07,21.54,TRADE
SA1,2020/05/06 16:00:00,1045.41,15.73,TRADE
SA1,2020/05/06 16:30:00,1119.33,28.03,TRADE
SA1,2020/05/06 17:00:00,1222.94,33.37,TRADE
SA1,2020/05/06 17:30:00,1356.39,37.69,TRADE
SA1,2020/05/06 18:00:00,1478.67,38.70,TRADE
SA1,2020/05/06 18:30:00,1548.3,38.88,TRADE
SA1,2020/05/06 19:00:00,1568.97,36.81,TRADE
SA1,2020/05/06 19:30:00,1532.01,33.19,TRADE
SA1,2020/05/06 20:00:00,1489.62,33.32,TRADE
SA1,2020/05/06 20:30:00,1450.56,29.34,TRADE
SA1,2020/05/06 21:00:00,1417.95,2.90,TRADE
SA1,2020/05/06 21:30:00,1364.64,19.95,TRADE
SA1,2020/05/06 22:00:00,1306.38,-0.32,TRADE
SA1,2020/05/06 22:30:00,1240.85,1.60,TRADE
SA1,2020/05/06 23:00:00,1189.71,4.28,TRADE
SA1,2020/05/06 23:30:00,1148.38,29.33,TRADE
SA1,2020/05/07 00:00:00,1316.23,31.93,TRADE
SA1,2020/05/07 00:30:00,1306.21,24.60,TRADE
SA1,2020/05/07 01:00:00,1275.95,16.84,TRADE
SA1,2020/05/07 01:30:00,1184.27,-7.77,TRADE
SA1,2020/05/07 02:00:00,1125.96,-29.22,TRADE
SA1,2020/05/07 02:30:00,1071.84,-36.93,TRADE
SA1,2020/05/07 03:00:00,1053.74,-37.69,TRADE
SA1,2020/05/07 03:30:00,1049.72,-45.84,TRADE
SA1,2020/05/07 04:00:00,1070.95,-44.22,TRADE
SA1,2020/05/07 04:30:00,1056.46,-38.24,TRADE
SA1,2020/05/07 05:00:00,1047.21,-38.27,TRADE
SA1,2020/05/07 05:30:00,1047.96,-26.76,TRADE
SA1,2020/05/07 06:00:00,1065.57,-1.69,TRADE
SA1,2020/05/07 06:30:00,1083.56,15.37,TRADE
SA1,2020/05/07 07:00:00,1232.66,27.69,TRADE
SA1,2020/05/07 07:30:00,1267.09,31.07,TRADE
SA1,2020/05/07 08:00:00,1299.3,30.56,TRADE
SA1,2020/05/07 08:30:00,1332.76,29.76,TRADE
SA1,2020/05/07 09:00:00,1312.98,29.55,TRADE
SA1,2020/05/07 09:30:00,1225.52,31.44,TRADE
SA1,2020/05/07 10:00:00,1010.7,11.50,TRADE
SA1,2020/05/07 10:30:00,887.5,11.82,TRADE
SA1,2020/05/07 11:00:00,825.35,1.58,TRADE
SA1,2020/05/07 11:30:00,744.74,-9.58,TRADE
SA1,2020/05/07 12:00:00,702.81,0.20,TRADE
SA1,2020/05/07 12:30:00,652.92,-3.70,TRADE
SA1,2020/05/07 13:00:00,676.71,-156.15,TRADE
SA1,2020/05/07 13:30:00,723.28,-152.21,TRADE
SA1,2020/05/07 14:00:00,746.54,-29.80,TRADE
SA1,2020/05/07 14:30:00,794.47,-13.40,TRADE
SA1,2020/05/07 15:00:00,832.53,10.42,TRADE
SA1,2020/05/07 15:30:00,922.99,2.16,TRADE
SA1,2020/05/07 16:00:00,1016.07,22.69,TRADE
SA1,2020/05/07 16:30:00,1158.4,25.55,TRADE
SA1,2020/05/07 17:00:00,1203.93,29.94,TRADE
SA1,2020/05/07 17:30:00,1291.47,33.86,TRADE
SA1,2020/05/07 18:00:00,1391.76,49.11,TRADE
SA1,2020/05/07 18:30:00,1499.62,39.18,TRADE
SA1,2020/05/07 19:00:00,1553.65,38.61,TRADE
SA1,2020/05/07 19:30:00,1579.02,35.50,TRADE
SA1,2020/05/07 20:00:00,1493.9,32.17,TRADE
SA1,2020/05/07 20:30:00,1487.83,32.47,TRADE
SA1,2020/05/07 21:00:00,1485.66,34.36,TRADE
SA1,2020/05/07 21:30:00,1438.86,31.28,TRADE
SA1,2020/05/07 22:00:00,1359.24,27.61,TRADE
SA1,2020/05/07 22:30:00,1331.95,29.24,TRADE
SA1,2020/05/07 23:00:00,1265.34,28.69,TRADE
SA1,2020/05/07 23:30:00,1261.46,31.29,TRADE
SA1,2020/05/08 00:00:00,1432.48,36.62,TRADE
SA1,2020/05/08 00:30:00,1366.38,35.64,TRADE
SA1,2020/05/08 01:00:00,1360.28,32.04,TRADE
SA1,2020/05/08 01:30:00,1290.13,25.83,TRADE
SA1,2020/05/08 02:00:00,1229.7,29.70,TRADE
SA1,2020/05/08 02:30:00,1193.58,30.83,TRADE
SA1,2020/05/08 03:00:00,1179.07,30.24,TRADE
SA1,2020/05/08 03:30:00,1157.35,25.19,TRADE
SA1,2020/05/08 04:00:00,1141.89,26.27,TRADE
SA1,2020/05/08 04:30:00,1123.23,35.68,TRADE
SA1,2020/05/08 05:00:00,1112.22,38.07,TRADE
SA1,2020/05/08 05:30:00,1136.18,41.46,TRADE
SA1,2020/05/08 06:00:00,1170.4,41.85,TRADE
SA1,2020/05/08 06:30:00,1185.24,43.74,TRADE
SA1,2020/05/08 07:00:00,1262.64,43.35,TRADE
SA1,2020/05/08 07:30:00,1318.31,53.68,TRADE
SA1,2020/05/08 08:00:00,1384.88,40.63,TRADE
SA1,2020/05/08 08:30:00,1379.13,39.26,TRADE
SA1,2020/05/08 09:00:00,1392.14,39.19,TRADE
SA1,2020/05/08 09:30:00,1315.79,30.43,TRADE
SA1,2020/05/08 10:00:00,1271.48,27.94,TRADE
SA1,2020/05/08 10:30:00,1154.96,15.28,TRADE
SA1,2020/05/08 11:00:00,1046.07,12.43,TRADE
SA1,2020/05/08 11:30:00,1005.13,9.22,TRADE
SA1,2020/05/08 12:00:00,959.23,6.17,TRADE
SA1,2020/05/08 12:30:00,986.82,7.85,TRADE
SA1,2020/05/08 13:00:00,955.98,9.86,TRADE
SA1,2020/05/08 13:30:00,918.63,14.46,TRADE
SA1,2020/05/08 14:00:00,935.4,17.21,TRADE
SA1,2020/05/08 14:30:00,893.23,14.96,TRADE
SA1,2020/05/08 15:00:00,850.8,10.59,TRADE
SA1,2020/05/08 15:30:00,907.34,25.64,TRADE
SA1,2020/05/08 16:00:00,944.37,27.13,TRADE
SA1,2020/05/08 16:30:00,1027.14,31.08,TRADE
SA1,2020/05/08 17:00:00,1109.05,36.46,TRADE
SA1,2020/05/08 17:30:00,1270.79,45.27,TRADE
SA1,2020/05/08 18:00:00,1442.29,67.41,TRADE
SA1,2020/05/08 18:30:00,1540.42,62.20,TRADE
SA1,2020/05/08 19:00:00,1534.43,47.70,TRADE
SA1,2020/05/08 19:30:00,1487.21,43.21,TRADE
SA1,2020/05/08 20:00:00,1398.45,34.65,TRADE
SA1,2020/05/08 20:30:00,1380.84,32.95,TRADE
SA1,2020/05/08 21:00:00,1422.9,28.45,TRADE
SA1,2020/05/08 21:30:00,1423.61,23.89,TRADE
SA1,2020/05/08 22:00:00,1356,20.71,TRADE
SA1,2020/05/08 22:30:00,1319.5,28.15,TRADE
SA1,2020/05/08 23:00:00,1282.48,27.89,TRADE
SA1,2020/05/08 23:30:00,1257.22,33.82,TRADE
SA1,2020/05/09 00:00:00,1427.38,35.49,TRADE
SA1,2020/05/09 00:30:00,1435.37,30.38,TRADE
SA1,2020/05/09 01:00:00,1454.07,14.76,TRADE
SA1,2020/05/09 01:30:00,1381.89,14.55,TRADE
SA1,2020/05/09 02:00:00,1304.27,-12.05,TRADE
SA1,2020/05/09 02:30:00,1216.13,8.17,TRADE
SA1,2020/05/09 03:00:00,1116.09,2.51,TRADE
SA1,2020/05/09 03:30:00,1015.45,6.70,TRADE
SA1,2020/05/09 04:00:00,994.18,8.66,TRADE
SA1,2020/05/09 04:30:00,1034.01,15.21,TRADE
SA1,2020/05/09 05:00:00,1059.86,12.10,TRADE
SA1,2020/05/09 05:30:00,1020.64,12.10,TRADE
SA1,2020/05/09 06:00:00,998.16,20.29,TRADE
SA1,2020/05/09 06:30:00,996.14,22.09,TRADE
SA1,2020/05/09 07:00:00,1068.32,26.74,TRADE
SA1,2020/05/09 07:30:00,1087.48,21.20,TRADE
SA1,2020/05/09 08:00:00,1103.6,25.26,TRADE
SA1,2020/05/09 08:30:00,1075.51,25.66,TRADE
SA1,2020/05/09 09:00:00,1000.34,28.81,TRADE
SA1,2020/05/09 09:30:00,943.13,32.13,TRADE
SA1,2020/05/09 10:00:00,873.68,17.66,TRADE
SA1,2020/05/09 10:30:00,825.2,7.90,TRADE
SA1,2020/05/09 11:00:00,745.43,4.43,TRADE
SA1,2020/05/09 11:30:00,730.53,-148.63,TRADE
SA1,2020/05/09 12:00:00,776.57,-151.36,TRADE
SA1,2020/05/09 12:30:00,778.99,-188.24,TRADE
SA1,2020/05/09 13:00:00,733.4,-157.04,TRADE
SA1,2020/05/09 13:30:00,853.54,3.95,TRADE
SA1,2020/05/09 14:00:00,769.04,10.54,TRADE
SA1,2020/05/09 14:30:00,734.38,3.75,TRADE
SA1,2020/05/09 15:00:00,736.67,2.61,TRADE
SA1,2020/05/09 15:30:00,828.54,22.58,TRADE
SA1,2020/05/09 16:00:00,880.72,26.26,TRADE
SA1,2020/05/09 16:30:00,1046.71,31.28,TRADE
SA1,2020/05/09 17:00:00,1149.24,36.54,TRADE
SA1,2020/05/09 17:30:00,1349.94,33.11,TRADE
SA1,2020/05/09 18:00:00,1472.93,45.64,TRADE
SA1,2020/05/09 18:30:00,1608.7,36.22,TRADE
SA1,2020/05/09 19:00:00,1644.85,38.15,TRADE
SA1,2020/05/09 19:30:00,1613.7,39.68,TRADE
SA1,2020/05/09 20:00:00,1577.59,38.87,TRADE
SA1,2020/05/09 20:30:00,1539.82,34.24,TRADE
SA1,2020/05/09 21:00:00,1503.44,26.81,TRADE
SA1,2020/05/09 21:30:00,1490.86,32.87,TRADE
SA1,2020/05/09 22:00:00,1432.01,34.83,TRADE
SA1,2020/05/09 22:30:00,1399.16,39.30,TRADE
SA1,2020/05/09 23:00:00,1356.47,34.98,TRADE
SA1,2020/05/09 23:30:00,1334.34,38.79,TRADE
SA1,2020/05/10 00:00:00,1538.98,42.06,TRADE
SA1,2020/05/10 00:30:00,1506.17,40.43,TRADE
SA1,2020/05/10 01:00:00,1465.07,41.56,TRADE
SA1,2020/05/10 01:30:00,1366.06,32.79,TRADE
SA1,2020/05/10 02:00:00,1298.17,37.06,TRADE
SA1,2020/05/10 02:30:00,1252.32,27.38,TRADE
SA1,2020/05/10 03:00:00,1204.71,10.13,TRADE
SA1,2020/05/10 03:30:00,1183.63,13.18,TRADE
SA1,2020/05/10 04:00:00,1163.76,16.91,TRADE
SA1,2020/05/10 04:30:00,1145.03,32.10,TRADE
SA1,2020/05/10 05:00:00,1147.56,30.40,TRADE
SA1,2020/05/10 05:30:00,1146.68,31.09,TRADE
SA1,2020/05/10 06:00:00,1144.32,35.85,TRADE
SA1,2020/05/10 06:30:00,1178.26,36.80,TRADE
SA1,2020/05/10 07:00:00,1190.48,37.41,TRADE
SA1,2020/05/10 07:30:00,1226.15,42.60,TRADE
SA1,2020/05/10 08:00:00,1253.25,42.57,TRADE
SA1,2020/05/10 08:30:00,1290.99,44.11,TRADE
SA1,2020/05/10 09:00:00,1333.91,45.62,TRADE
SA1,2020/05/10 09:30:00,1336.38,40.75,TRADE
SA1,2020/05/10 10:00:00,1195.86,18.37,TRADE
SA1,2020/05/10 10:30:00,1122.81,8.09,TRADE
SA1,2020/05/10 11:00:00,1122.14,4.63,TRADE
SA1,2020/05/10 11:30:00,1077.26,11.27,TRADE
SA1,2020/05/10 12:00:00,1059.26,23.04,TRADE
SA1,2020/05/10 12:30:00,964.11,4.68,TRADE
SA1,2020/05/10 13:00:00,897.41,2.06,TRADE
SA1,2020/05/10 13:30:00,893.84,9.66,TRADE
SA1,2020/05/10 14:00:00,874.3,24.59,TRADE
SA1,2020/05/10 14:30:00,855.14,28.48,TRADE
SA1,2020/05/10 15:00:00,862.27,24.06,TRADE
SA1,2020/05/10 15:30:00,913.92,28.16,TRADE
SA1,2020/05/10 16:00:00,985.59,34.30,TRADE
SA1,2020/05/10 16:30:00,1125.07,34.51,TRADE
SA1,2020/05/10 17:00:00,1265.11,49.62,TRADE
SA1,2020/05/10 17:30:00,1424.15,184.56,TRADE
SA1,2020/05/10 18:00:00,1554.35,65.23,TRADE
SA1,2020/05/10 18:30:00,1704.33,54.39,TRADE
SA1,2020/05/10 19:00:00,1758.61,66.04,TRADE
SA1,2020/05/10 19:30:00,1762.33,62.61,TRADE
SA1,2020/05/10 20:00:00,1730.72,49.72,TRADE
SA1,2020/05/10 20:30:00,1717.91,51.16,TRADE
SA1,2020/05/10 21:00:00,1691.9,47.02,TRADE
SA1,2020/05/10 21:30:00,1658.53,48.49,TRADE
SA1,2020/05/10 22:00:00,1621.39,45.75,TRADE
SA1,2020/05/10 22:30:00,1563.18,47.74,TRADE
SA1,2020/05/10 23:00:00,1512.73,45.68,TRADE
SA1,2020/05/10 23:30:00,1464.74,46.91,TRADE
SA1,2020/05/11 00:00:00,1658.3,49.72,TRADE
SA1,2020/05/11 00:30:00,1616.46,48.44,TRADE
SA1,2020/05/11 01:00:00,1546.98,47.94,TRADE
SA1,2020/05/11 01:30:00,1465.37,46.93,TRADE
SA1,2020/05/11 02:00:00,1397.21,46.12,TRADE
SA1,2020/05/11 02:30:00,1340.18,45.62,TRADE
SA1,2020/05/11 03:00:00,1324.65,45.59,TRADE
SA1,2020/05/11 03:30:00,1285.87,41.95,TRADE
SA1,2020/05/11 04:00:00,1255.4,39.75,TRADE
SA1,2020/05/11 04:30:00,1237.88,35.08,TRADE
SA1,2020/05/11 05:00:00,1243.28,41.80,TRADE
SA1,2020/05/11 05:30:00,1243.63,41.81,TRADE
SA1,2020/05/11 06:00:00,1290.48,43.29,TRADE
SA1,2020/05/11 06:30:00,1315.05,44.02,TRADE
SA1,2020/05/11 07:00:00,1437.7,47.90,TRADE
SA1,2020/05/11 07:30:00,1539.88,48.79,TRADE
SA1,2020/05/11 08:00:00,1618.75,57.60,TRADE
SA1,2020/05/11 08:30:00,1644.15,48.93,TRADE
SA1,2020/05/11 09:00:00,1585.66,43.45,TRADE
SA1,2020/05/11 09:30:00,1431.44,65.44,TRADE
SA1,2020/05/11 10:00:00,1342.01,42.66,TRADE
SA1,2020/05/11 10:30:00,1205.79,33.98,TRADE
SA1,2020/05/11 11:00:00,1147.79,16.76,TRADE
SA1,2020/05/11 11:30:00,1014.36,11.13,TRADE
SA1,2020/05/11 12:00:00,948.5,6.44,TRADE
SA1,2020/05/11 12:30:00,878.47,16.38,TRADE
SA1,2020/05/11 13:00:00,867.3,18.83,TRADE
SA1,2020/05/11 13:30:00,850.31,6.51,TRADE
SA1,2020/05/11 14:00:00,892.01,18.31,TRADE
SA1,2020/05/11 14:30:00,893.7,27.46,TRADE
SA1,2020/05/11 15:00:00,963.13,33.42,TRADE
SA1,2020/05/11 15:30:00,1039.76,36.34,TRADE
SA1,2020/05/11 16:00:00,1119.98,38.67,TRADE
SA1,2020/05/11 16:30:00,1265.31,48.64,TRADE
SA1,2020/05/11 17:00:00,1406.36,51.04,TRADE
SA1,2020/05/11 17:30:00,1598.17,50.25,TRADE
SA1,2020/05/11 18:00:00,1770.15,70.36,TRADE
SA1,2020/05/11 18:30:00,1944.8,74.18,TRADE
SA1,2020/05/11 19:00:00,1980.7,57.93,TRADE
SA1,2020/05/11 19:30:00,1960.18,46.35,TRADE
SA1,2020/05/11 20:00:00,1895.6,46.35,TRADE
SA1,2020/05/11 20:30:00,1855.79,51.86,TRADE
SA1,2020/05/11 21:00:00,1806.39,46.58,TRADE
SA1,2020/05/11 21:30:00,1731.93,47.78,TRADE
SA1,2020/05/11 22:00:00,1625.33,41.93,TRADE
SA1,2020/05/11 22:30:00,1532.62,39.83,TRADE
SA1,2020/05/11 23:00:00,1433,35.39,TRADE
SA1,2020/05/11 23:30:00,1376.48,35.03,TRADE
SA1,2020/05/12 00:00:00,1541.36,36.98,TRADE
SA1,2020/05/12 00:30:00,1495.66,35.71,TRADE
SA1,2020/05/12 01:00:00,1421.12,29.52,TRADE
SA1,2020/05/12 01:30:00,1332.29,20.74,TRADE
SA1,2020/05/12 02:00:00,1265.05,14.83,TRADE
SA1,2020/05/12 02:30:00,1209.79,7.63,TRADE
SA1,2020/05/12 03:00:00,1176.24,0.66,TRADE
SA1,2020/05/12 03:30:00,1129.66,2.93,TRADE
SA1,2020/05/12 04:00:00,1180.44,-2.17,TRADE
SA1,2020/05/12 04:30:00,1171.32,-17.45,TRADE
SA1,2020/05/12 05:00:00,1167.37,-9.77,TRADE
SA1,2020/05/12 05:30:00,1172.76,15.92,TRADE
SA1,2020/05/12 06:00:00,1217.33,15.29,TRADE
SA1,2020/05/12 06:30:00,1254.87,30.30,TRADE
SA1,2020/05/12 07:00:00,1332.22,34.40,TRADE
SA1,2020/05/12 07:30:00,1419.08,37.63,TRADE
SA1,2020/05/12 08:00:00,1445.24,38.11,TRADE
SA1,2020/05/12 08:30:00,1480.75,35.92,TRADE
SA1,2020/05/12 09:00:00,1453.24,35.80,TRADE
SA1,2020/05/12 09:30:00,1385.79,34.17,TRADE
SA1,2020/05/12 10:00:00,1328.73,31.58,TRADE
SA1,2020/05/12 10:30:00,1209.57,27.50,TRADE
SA1,2020/05/12 11:00:00,1111.57,10.97,TRADE
SA1,2020/05/12 11:30:00,1061.52,4.30,TRADE
SA1,2020/05/12 12:00:00,1012.46,6.10,TRADE
SA1,2020/05/12 12:30:00,905.48,-159.60,TRADE
SA1,2020/05/12 13:00:00,858.53,14.10,TRADE
SA1,2020/05/12 13:30:00,858.22,4.26,TRADE
SA1,2020/05/12 14:00:00,860,19.48,TRADE
SA1,2020/05/12 14:30:00,895.21,27.64,TRADE
SA1,2020/05/12 15:00:00,938.56,28.70,TRADE
SA1,2020/05/12 15:30:00,1019.32,30.12,TRADE
SA1,2020/05/12 16:00:00,1140.53,36.99,TRADE
SA1,2020/05/12 16:30:00,1317.96,39.82,TRADE
SA1,2020/05/12 17:00:00,1433.68,51.23,TRADE
SA1,2020/05/12 17:30:00,1603.35,59.69,TRADE
SA1,2020/05/12 18:00:00,1769.45,69.43,TRADE
SA1,2020/05/12 18:30:00,1854.68,55.67,TRADE
SA1,2020/05/12 19:00:00,1835.35,44.84,TRADE
SA1,2020/05/12 19:30:00,1820.12,41.03,TRADE
SA1,2020/05/12 20:00:00,1782.9,42.28,TRADE
SA1,2020/05/12 20:30:00,1733.74,40.12,TRADE
SA1,2020/05/12 21:00:00,1698.03,39.86,TRADE
SA1,2020/05/12 21:30:00,1675.79,40.44,TRADE
SA1,2020/05/12 22:00:00,1611.25,38.90,TRADE
SA1,2020/05/12 22:30:00,1535.75,39.33,TRADE
SA1,2020/05/12 23:00:00,1445.23,36.69,TRADE
SA1,2020/05/12 23:30:00,1383.89,39.33,TRADE
SA1,2020/05/13 00:00:00,1562,44.22,TRADE
SA1,2020/05/13 00:30:00,1517.13,41.73,TRADE
SA1,2020/05/13 01:00:00,1456.65,46.44,TRADE
SA1,2020/05/13 01:30:00,1377.09,44.92,TRADE
SA1,2020/05/13 02:00:00,1305.98,43.04,TRADE
SA1,2020/05/13 02:30:00,1248.03,40.04,TRADE
SA1,2020/05/13 03:00:00,1215.64,36.87,TRADE
SA1,2020/05/13 03:30:00,1180.93,35.48,TRADE
SA1,2020/05/13 04:00:00,1125.46,33.38,TRADE
SA1,2020/05/13 04:30:00,1116.96,33.76,TRADE
SA1,2020/05/13 05:00:00,1134.07,33.46,TRADE
SA1,2020/05/13 05:30:00,1142.37,32.96,TRADE
SA1,2020/05/13 06:00:00,1182.85,34.68,TRADE
SA1,2020/05/13 06:30:00,1254.57,35.93,TRADE
SA1,2020/05/13 07:00:00,1336.09,40.46,TRADE
SA1,2020/05/13 07:30:00,1458.16,42.80,TRADE
SA1,2020/05/13 08:00:00,1571.85,47.44,TRADE
SA1,2020/05/13 08:30:00,1595.46,44.21,TRADE
SA1,2020/05/13 09:00:00,1552.1,44.51,TRADE
SA1,2020/05/13 09:30:00,1497.49,53.96,TRADE
SA1,2020/05/13 10:00:00,1444.35,54.01,TRADE
SA1,2020/05/13 10:30:00,1399.01,44.38,TRADE
SA1,2020/05/13 11:00:00,1310.36,45.60,TRADE
SA1,2020/05/13 11:30:00,1235.62,42.13,TRADE
SA1,2020/05/13 12:00:00,1194.69,38.54,TRADE
SA1,2020/05/13 12:30:00,1216.75,38.99,TRADE
SA1,2020/05/13 13:00:00,1197.68,39.89,TRADE
SA1,2020/05/13 13:30:00,1212.66,49.34,TRADE
SA1,2020/05/13 14:00:00,1296.07,42.33,TRADE
SA1,2020/05/13 14:30:00,1341.2,41.66,TRADE
SA1,2020/05/13 15:00:00,1335.9,39.14,TRADE
SA1,2020/05/13 15:30:00,1377.21,39.41,TRADE
SA1,2020/05/13 16:00:00,1434.06,45.87,TRADE
SA1,2020/05/13 16:30:00,1562.29,42.14,TRADE
SA1,2020/05/13 17:00:00,1667.96,48.67,TRADE
SA1,2020/05/13 17:30:00,1789.34,47.63,TRADE
SA1,2020/05/13 18:00:00,1887.24,62.30,TRADE
SA1,2020/05/13 18:30:00,2002.79,46.65,TRADE
SA1,2020/05/13 19:00:00,2022.64,42,TRADE
SA1,2020/05/13 19:30:00,2001.71,41.75,TRADE
SA1,2020/05/13 20:00:00,1929.96,44.09,TRADE
SA1,2020/05/13 20:30:00,1892.27,41.98,TRADE
SA1,2020/05/13 21:00:00,1845.04,42.12,TRADE
SA1,2020/05/13 21:30:00,1785.89,41.88,TRADE
SA1,2020/05/13 22:00:00,1708.08,41.06,TRADE
SA1,2020/05/13 22:30:00,1623.65,41.76,TRADE
SA1,2020/05/13 23:00:00,1555.89,43.83,TRADE
SA1,2020/05/13 23:30:00,1505.95,61.84,TRADE
SA1,2020/05/14 00:00:00,1690,43.98,TRADE
SA1,2020/05/14 00:30:00,1636.16,41.43,TRADE
SA1,2020/05/14 01:00:00,1581.16,41.08,TRADE
SA1,2020/05/14 01:30:00,1487.49,38.93,TRADE
SA1,2020/05/14 02:00:00,1403.12,39.44,TRADE
SA1,2020/05/14 02:30:00,1359.68,38.51,TRADE
SA1,2020/05/14 03:00:00,1311,35.28,TRADE
SA1,2020/05/14 03:30:00,1278.34,35.21,TRADE
SA1,2020/05/14 04:00:00,1243.2,34.24,TRADE
SA1,2020/05/14 04:30:00,1212.59,35.15,TRADE
SA1,2020/05/14 05:00:00,1210.97,35.05,TRADE
SA1,2020/05/14 05:30:00,1226.76,35.42,TRADE
SA1,2020/05/14 06:00:00,1256.14,38.62,TRADE
SA1,2020/05/14 06:30:00,1326.24,39.44,TRADE
SA1,2020/05/14 07:00:00,1443.59,43.57,TRADE
SA1,2020/05/14 07:30:00,1535.23,45.76,TRADE
SA1,2020/05/14 08:00:00,1623.31,45.44,TRADE
SA1,2020/05/14 08:30:00,1679.21,54.26,TRADE
SA1,2020/05/14 09:00:00,1626.89,49.55,TRADE
SA1,2020/05/14 09:30:00,1545.7,51.68,TRADE
SA1,2020/05/14 10:00:00,1444.69,51.42,TRADE
SA1,2020/05/14 10:30:00,1349,43.91,TRADE
SA1,2020/05/14 11:00:00,1291.62,43.40,TRADE
SA1,2020/05/14 11:30:00,1215.23,39.89,TRADE
SA1,2020/05/14 12:00:00,1198.63,41.30,TRADE
SA1,2020/05/14 12:30:00,1201.2,42.57,TRADE
SA1,2020/05/14 13:00:00,1247.91,44.64,TRADE
SA1,2020/05/14 13:30:00,1253.82,44.09,TRADE
SA1,2020/05/14 14:00:00,1274.32,44.45,TRADE
SA1,2020/05/14 14:30:00,1270.01,44.73,TRADE
SA1,2020/05/14 15:00:00,1324.99,46.26,TRADE
SA1,2020/05/14 15:30:00,1330.28,47.85,TRADE
SA1,2020/05/14 16:00:00,1390.78,48.34,TRADE
SA1,2020/05/14 16:30:00,1490.51,53.55,TRADE
SA1,2020/05/14 17:00:00,1597.27,57,TRADE
SA1,2020/05/14 17:30:00,1736.62,66.84,TRADE
SA1,2020/05/14 18:00:00,1885.75,81.21,TRADE
SA1,2020/05/14 18:30:00,2049.38,145.24,TRADE
SA1,2020/05/14 19:00:00,2080.23,56.02,TRADE
SA1,2020/05/14 19:30:00,2038.24,54.62,TRADE
SA1,2020/05/14 20:00:00,1989.13,49.66,TRADE
SA1,2020/05/14 20:30:00,1969.53,47.88,TRADE
SA1,2020/05/14 21:00:00,1916.87,44.33,TRADE
SA1,2020/05/14 21:30:00,1858.28,57.35,TRADE
SA1,2020/05/14 22:00:00,1794.55,49.35,TRADE
SA1,2020/05/14 22:30:00,1711.73,48.61,TRADE
SA1,2020/05/14 23:00:00,1642.14,42.32,TRADE
SA1,2020/05/14 23:30:00,1560.34,41.53,TRADE
SA1,2020/05/15 00:00:00,1714.88,51.69,TRADE
SA1,2020/05/15 00:30:00,1659.17,45.13,TRADE
SA1,2020/05/15 01:00:00,1603.23,45.42,TRADE
SA1,2020/05/15 01:30:00,1504.97,43.29,TRADE
SA1,2020/05/15 02:00:00,1422.7,40.27,TRADE
SA1,2020/05/15 02:30:00,1362.82,36.54,TRADE
SA1,2020/05/15 03:00:00,1340.86,36.04,TRADE
SA1,2020/05/15 03:30:00,1302.61,35.16,TRADE
SA1,2020/05/15 04:00:00,1260.69,34.12,TRADE
SA1,2020/05/15 04:30:00,1241.96,38.17,TRADE
SA1,2020/05/15 05:00:00,1247.78,37.72,TRADE
SA1,2020/05/15 05:30:00,1276.38,39.18,TRADE
SA1,2020/05/15 06:00:00,1312.44,42.32,TRADE
SA1,2020/05/15 06:30:00,1362.75,46.37,TRADE
SA1,2020/05/15 07:00:00,1476.75,50.41,TRADE
SA1,2020/05/15 07:30:00,1586.65,54.34,TRADE
SA1,2020/05/15 08:00:00,1717.98,60.61,TRADE
SA1,2020/05/15 08:30:00,1783.13,64.52,TRADE
SA1,2020/05/15 09:00:00,1728.84,54.97,TRADE
SA1,2020/05/15 09:30:00,1593.75,52.91,TRADE
SA1,2020/05/15 10:00:00,1468.15,44.54,TRADE
SA1,2020/05/15 10:30:00,1299.89,42.64,TRADE
SA1,2020/05/15 11:00:00,1171.4,41.14,TRADE
SA1,2020/05/15 11:30:00,1069.67,37.69,TRADE
SA1,2020/05/15 12:00:00,1011.15,37.96,TRADE
SA1,2020/05/15 12:30:00,977.71,37.65,TRADE
SA1,2020/05/15 13:00:00,949.88,36.36,TRADE
SA1,2020/05/15 13:30:00,934.28,35.89,TRADE
SA1,2020/05/15 14:00:00,941.07,35.97,TRADE
SA1,2020/05/15 14:30:00,948.25,35.26,TRADE
SA1,2020/05/15 15:00:00,989.17,37.02,TRADE
SA1,2020/05/15 15:30:00,1065.75,38.22,TRADE
SA1,2020/05/15 16:00:00,1136.43,39.56,TRADE
SA1,2020/05/15 16:30:00,1280.83,44.34,TRADE
SA1,2020/05/15 17:00:00,1456.64,64.15,TRADE
SA1,2020/05/15 17:30:00,1626.06,110.26,TRADE
SA1,2020/05/15 18:00:00,1792.48,140.90,TRADE
SA1,2020/05/15 18:30:00,1962.01,81.64,TRADE
SA1,2020/05/15 19:00:00,2029.79,73.05,TRADE
SA1,2020/05/15 19:30:00,2012.21,64.75,TRADE
SA1,2020/05/15 20:00:00,1978.09,63.46,TRADE
SA1,2020/05/15 20:30:00,1959.01,62.99,TRADE
SA1,2020/05/15 21:00:00,1904.25,61.91,TRADE
SA1,2020/05/15 21:30:00,1858.25,55.96,TRADE
SA1,2020/05/15 22:00:00,1772.52,47.79,TRADE
SA1,2020/05/15 22:30:00,1695.46,59.66,TRADE
SA1,2020/05/15 23:00:00,1611.02,53.17,TRADE
SA1,2020/05/15 23:30:00,1540.02,63.27,TRADE
SA1,2020/05/16 00:00:00,1698.49,68.04,TRADE
SA1,2020/05/16 00:30:00,1629.43,62.83,TRADE
SA1,2020/05/16 01:00:00,1560.28,58.65,TRADE
SA1,2020/05/16 01:30:00,1452.07,55.89,TRADE
SA1,2020/05/16 02:00:00,1338.7,46.84,TRADE
SA1,2020/05/16 02:30:00,1283.84,43.58,TRADE
SA1,2020/05/16 03:00:00,1254.99,42.14,TRADE
SA1,2020/05/16 03:30:00,1205.47,39.34,TRADE
SA1,2020/05/16 04:00:00,1159.37,41.64,TRADE
SA1,2020/05/16 04:30:00,1137.01,38.30,TRADE
SA1,2020/05/16 05:00:00,1123.17,36.91,TRADE
SA1,2020/05/16 05:30:00,1111,38.15,TRADE
SA1,2020/05/16 06:00:00,1131.35,37.93,TRADE
SA1,2020/05/16 06:30:00,1169.55,39.10,TRADE
SA1,2020/05/16 07:00:00,1209.79,38.63,TRADE
SA1,2020/05/16 07:30:00,1250.05,38.21,TRADE
SA1,2020/05/16 08:00:00,1295.59,40.17,TRADE
SA1,2020/05/16 08:30:00,1330.46,41.09,TRADE
SA1,2020/05/16 09:00:00,1288.07,39.51,TRADE
SA1,2020/05/16 09:30:00,1234.74,37.75,TRADE
SA1,2020/05/16 10:00:00,1137.46,36.90,TRADE
SA1,2020/05/16 10:30:00,1022.08,33.48,TRADE
SA1,2020/05/16 11:00:00,892,16.77,TRADE
SA1,2020/05/16 11:30:00,800.15,10.72,TRADE
SA1,2020/05/16 12:00:00,756.74,11.68,TRADE
SA1,2020/05/16 12:30:00,716.19,15.15,TRADE
SA1,2020/05/16 13:00:00,701.12,18.96,TRADE
SA1,2020/05/16 13:30:00,694.58,15.77,TRADE
SA1,2020/05/16 14:00:00,688.53,21.55,TRADE
SA1,2020/05/16 14:30:00,710.52,22.43,TRADE
SA1,2020/05/16 15:00:00,759.6,25.40,TRADE
SA1,2020/05/16 15:30:00,826.15,28.53,TRADE
SA1,2020/05/16 16:00:00,928.05,32.92,TRADE
SA1,2020/05/16 16:30:00,1077.28,37.65,TRADE
SA1,2020/05/16 17:00:00,1257.38,49.70,TRADE
SA1,2020/05/16 17:30:00,1449.55,62.51,TRADE
SA1,2020/05/16 18:00:00,1637.21,75.96,TRADE
SA1,2020/05/16 18:30:00,1803.98,79.40,TRADE
SA1,2020/05/16 19:00:00,1867.06,69.53,TRADE
SA1,2020/05/16 19:30:00,1849.83,69.26,TRADE
SA1,2020/05/16 20:00:00,1815.14,67.13,TRADE
SA1,2020/05/16 20:30:00,1787.93,64.77,TRADE
SA1,2020/05/16 21:00:00,1746.45,61.74,TRADE
SA1,2020/05/16 21:30:00,1711.57,55.09,TRADE
SA1,2020/05/16 22:00:00,1654.86,47.61,TRADE
SA1,2020/05/16 22:30:00,1613.3,50.55,TRADE
SA1,2020/05/16 23:00:00,1552.88,55.64,TRADE
SA1,2020/05/16 23:30:00,1521.97,65.97,TRADE
SA1,2020/05/17 00:00:00,1701.32,50.68,TRADE
SA1,2020/05/17 00:30:00,1630.25,58.04,TRADE
SA1,2020/05/17 01:00:00,1567.8,58.34,TRADE
SA1,2020/05/17 01:30:00,1461.75,51.22,TRADE
SA1,2020/05/17 02:00:00,1373.24,47.71,TRADE
SA1,2020/05/17 02:30:00,1324.74,44.51,TRADE
SA1,2020/05/17 03:00:00,1289.63,42.16,TRADE
SA1,2020/05/17 03:30:00,1236.12,42.38,TRADE
SA1,2020/05/17 04:00:00,1219.58,43.71,TRADE
SA1,2020/05/17 04:30:00,1208.58,48.71,TRADE
SA1,2020/05/17 05:00:00,1186.55,50.69,TRADE
SA1,2020/05/17 05:30:00,1187.92,50.12,TRADE
SA1,2020/05/17 06:00:00,1177.17,46.48,TRADE
SA1,2020/05/17 06:30:00,1225.53,43.46,TRADE
SA1,2020/05/17 07:00:00,1247.7,49.02,TRADE
SA1,2020/05/17 07:30:00,1290.39,58.43,TRADE
SA1,2020/05/17 08:00:00,1313.94,55.33,TRADE
SA1,2020/05/17 08:30:00,1334.08,48.50,TRADE
SA1,2020/05/17 09:00:00,1280.55,40.58,TRADE
SA1,2020/05/17 09:30:00,1187.7,39.18,TRADE
SA1,2020/05/17 10:00:00,1087.55,38.40,TRADE
SA1,2020/05/17 10:30:00,980.24,42.96,TRADE
SA1,2020/05/17 11:00:00,890.68,36.95,TRADE
SA1,2020/05/17 11:30:00,783.39,23.15,TRADE
SA1,2020/05/17 12:00:00,724.38,24.81,TRADE
SA1,2020/05/17 12:30:00,678.6,28.21,TRADE
SA1,2020/05/17 13:00:00,671.18,31.50,TRADE
SA1,2020/05/17 13:30:00,689.1,26.77,TRADE
SA1,2020/05/17 14:00:00,693.23,29.58,TRADE
SA1,2020/05/17 14:30:00,708.22,31.15,TRADE
SA1,2020/05/17 15:00:00,770.06,30.90,TRADE
SA1,2020/05/17 15:30:00,845.08,32.19,TRADE
SA1,2020/05/17 16:00:00,955.1,33.67,TRADE
SA1,2020/05/17 16:30:00,1085.67,42.75,TRADE
SA1,2020/05/17 17:00:00,1247.77,47.58,TRADE
SA1,2020/05/17 17:30:00,1448.07,52.04,TRADE
SA1,2020/05/17 18:00:00,1609.19,128.71,TRADE
SA1,2020/05/17 18:30:00,1766.09,62.92,TRADE
SA1,2020/05/17 19:00:00,1791.47,61.34,TRADE
SA1,2020/05/17 19:30:00,1763.67,55.96,TRADE
SA1,2020/05/17 20:00:00,1731.34,52.71,TRADE
SA1,2020/05/17 20:30:00,1686,43.15,TRADE
SA1,2020/05/17 21:00:00,1651.36,39.97,TRADE
SA1,2020/05/17 21:30:00,1606.14,39.59,TRADE
SA1,2020/05/17 22:00:00,1565.9,37.83,TRADE
SA1,2020/05/17 22:30:00,1504.44,38.92,TRADE
SA1,2020/05/17 23:00:00,1444.62,34.52,TRADE
SA1,2020/05/17 23:30:00,1412.45,36.43,TRADE
SA1,2020/05/18 00:00:00,1561.95,38.59,TRADE
SA1,2020/05/18 00:30:00,1499,35.82,TRADE
SA1,2020/05/18 01:00:00,1460.72,34.30,TRADE
SA1,2020/05/18 01:30:00,1380.15,33.86,TRADE
SA1,2020/05/18 02:00:00,1312.33,33.05,TRADE
SA1,2020/05/18 02:30:00,1244.38,30.54,TRADE
SA1,2020/05/18 03:00:00,1200.12,23.85,TRADE
SA1,2020/05/18 03:30:00,1158.21,21.58,TRADE
SA1,2020/05/18 04:00:00,1127.9,19.11,TRADE
SA1,2020/05/18 04:30:00,1117.27,28.41,TRADE
SA1,2020/05/18 05:00:00,1119.36,29.11,TRADE
SA1,2020/05/18 05:30:00,1125.5,30.63,TRADE
SA1,2020/05/18 06:00:00,1175.26,29.91,TRADE
SA1,2020/05/18 06:30:00,1227.84,36.21,TRADE
SA1,2020/05/18 07:00:00,1345.35,45.38,TRADE
SA1,2020/05/18 07:30:00,1451.74,56.75,TRADE
SA1,2020/05/18 08:00:00,1542.78,60.80,TRADE
SA1,2020/05/18 08:30:00,1597.22,66.17,TRADE
SA1,2020/05/18 09:00:00,1514.86,55.85,TRADE
SA1,2020/05/18 09:30:00,1385.24,53.73,TRADE
SA1,2020/05/18 10:00:00,1269.54,39.95,TRADE
SA1,2020/05/18 10:30:00,1136.94,37.23,TRADE
SA1,2020/05/18 11:00:00,1033.92,36.74,TRADE
SA1,2020/05/18 11:30:00,938.29,33.13,TRADE
SA1,2020/05/18 12:00:00,878.56,31.75,TRADE
SA1,2020/05/18 12:30:00,838.99,29.34,TRADE
SA1,2020/05/18 13:00:00,832.36,28.35,TRADE
SA1,2020/05/18 13:30:00,848.73,28.40,TRADE
SA1,2020/05/18 14:00:00,869.69,29.17,TRADE
SA1,2020/05/18 14:30:00,915.51,32.55,TRADE
SA1,2020/05/18 15:00:00,959.42,35.09,TRADE
SA1,2020/05/18 15:30:00,1029.43,39.74,TRADE
SA1,2020/05/18 16:00:00,1107.93,50.85,TRADE
SA1,2020/05/18 16:30:00,1240.92,61.82,TRADE
SA1,2020/05/18 17:00:00,1354.79,59.76,TRADE
SA1,2020/05/18 17:30:00,1529.43,64.03,TRADE
SA1,2020/05/18 18:00:00,1666.52,64.40,TRADE
SA1,2020/05/18 18:30:00,1800.86,48.17,TRADE
SA1,2020/05/18 19:00:00,1833.27,54.31,TRADE
SA1,2020/05/18 19:30:00,1791.25,45.20,TRADE
SA1,2020/05/18 20:00:00,1739.82,43.19,TRADE
SA1,2020/05/18 20:30:00,1683.35,44.77,TRADE
SA1,2020/05/18 21:00:00,1635.96,37.01,TRADE
SA1,2020/05/18 21:30:00,1602.79,35.68,TRADE
SA1,2020/05/18 22:00:00,1522.54,36.08,TRADE
SA1,2020/05/18 22:30:00,1448.5,39.90,TRADE
SA1,2020/05/18 23:00:00,1358.65,33.47,TRADE
SA1,2020/05/18 23:30:00,1307.29,34.92,TRADE
SA1,2020/05/19 00:00:00,1445.38,46.81,TRADE
SA1,2020/05/19 00:30:00,1390.82,40.59,TRADE
SA1,2020/05/19 01:00:00,1349.69,45.19,TRADE
SA1,2020/05/19 01:30:00,1273.04,42.42,TRADE
SA1,2020/05/19 02:00:00,1178.72,40.02,TRADE
SA1,2020/05/19 02:30:00,1146.67,26.98,TRADE
SA1,2020/05/19 03:00:00,1134.33,24.05,TRADE
SA1,2020/05/19 03:30:00,1098.57,8.70,TRADE
SA1,2020/05/19 04:00:00,1075.98,-0.10,TRADE
SA1,2020/05/19 04:30:00,1057.67,6.02,TRADE
SA1,2020/05/19 05:00:00,1056.32,2.58,TRADE
SA1,2020/05/19 05:30:00,1051.37,5.96,TRADE
SA1,2020/05/19 06:00:00,1073.02,15.24,TRADE
SA1,2020/05/19 06:30:00,1115.11,26.50,TRADE
SA1,2020/05/19 07:00:00,1208.7,47.97,TRADE
SA1,2020/05/19 07:30:00,1281.34,73.36,TRADE
SA1,2020/05/19 08:00:00,1347.74,47.74,TRADE
SA1,2020/05/19 08:30:00,1386.28,73.94,TRADE
SA1,2020/05/19 09:00:00,1312.2,62.63,TRADE
SA1,2020/05/19 09:30:00,1253.97,62.53,TRADE
SA1,2020/05/19 10:00:00,1178.52,56.96,TRADE
SA1,2020/05/19 10:30:00,1046.27,47.84,TRADE
SA1,2020/05/19 11:00:00,968.61,41.53,TRADE
SA1,2020/05/19 11:30:00,1018.33,51.08,TRADE
SA1,2020/05/19 12:00:00,1054.32,58.73,TRADE
SA1,2020/05/19 12:30:00,1109.43,60.04,TRADE
SA1,2020/05/19 13:00:00,1080.18,42.42,TRADE
SA1,2020/05/19 13:30:00,1018.13,38.87,TRADE
SA1,2020/05/19 14:00:00,885.05,37.13,TRADE
SA1,2020/05/19 14:30:00,938.43,-128,TRADE
SA1,2020/05/19 15:00:00,1005.52,4.29,TRADE
SA1,2020/05/19 15:30:00,1134.74,17.56,TRADE
SA1,2020/05/19 16:00:00,1227.93,42.31,TRADE
SA1,2020/05/19 16:30:00,1256.04,44.39,TRADE
SA1,2020/05/19 17:00:00,1374.18,56.64,TRADE
SA1,2020/05/19 17:30:00,1533.49,70.59,TRADE
SA1,2020/05/19 18:00:00,1644.08,44.66,TRADE
SA1,2020/05/19 18:30:00,1704.97,31.37,TRADE
SA1,2020/05/19 19:00:00,1661.97,38.74,TRADE
SA1,2020/05/19 19:30:00,1646.03,37.17,TRADE
SA1,2020/05/19 20:00:00,1552.03,33.39,TRADE
SA1,2020/05/19 20:30:00,1594.52,30.67,TRADE
SA1,2020/05/19 21:00:00,1597.27,32.05,TRADE
SA1,2020/05/19 21:30:00,1549.29,31.36,TRADE
SA1,2020/05/19 22:00:00,1484.18,25.83,TRADE
SA1,2020/05/19 22:30:00,1432.74,26.22,TRADE
SA1,2020/05/19 23:00:00,1359.19,28.98,TRADE
SA1,2020/05/19 23:30:00,1297.24,36.41,TRADE
SA1,2020/05/20 00:00:00,1467.57,39.93,TRADE
SA1,2020/05/20 00:30:00,1405.45,39.28,TRADE
SA1,2020/05/20 01:00:00,1277.96,37.69,TRADE
SA1,2020/05/20 01:30:00,1199.6,40.38,TRADE
SA1,2020/05/20 02:00:00,1165.32,29.90,TRADE
SA1,2020/05/20 02:30:00,1144.28,14.02,TRADE
SA1,2020/05/20 03:00:00,1059.09,11.88,TRADE
SA1,2020/05/20 03:30:00,1027.46,12.83,TRADE
SA1,2020/05/20 04:00:00,1032.44,5.97,TRADE
SA1,2020/05/20 04:30:00,1015.27,16.52,TRADE
SA1,2020/05/20 05:00:00,1016.83,11.91,TRADE
SA1,2020/05/20 05:30:00,1049.77,31.48,TRADE
SA1,2020/05/20 06:00:00,1104.09,19.36,TRADE
SA1,2020/05/20 06:30:00,1143.37,35.43,TRADE
SA1,2020/05/20 07:00:00,1274.67,39.26,TRADE
SA1,2020/05/20 07:30:00,1351.31,47.39,TRADE
SA1,2020/05/20 08:00:00,1464.24,44.51,TRADE
SA1,2020/05/20 08:30:00,1566.14,51.07,TRADE
SA1,2020/05/20 09:00:00,1522.4,42.94,TRADE
SA1,2020/05/20 09:30:00,1473.45,41.66,TRADE
SA1,2020/05/20 10:00:00,1428.52,40.64,TRADE
SA1,2020/05/20 10:30:00,1364.96,38.92,TRADE
SA1,2020/05/20 11:00:00,1229.48,37.68,TRADE
SA1,2020/05/20 11:30:00,1261.05,34.31,TRADE
SA1,2020/05/20 12:00:00,1219.09,29.92,TRADE
SA1,2020/05/20 12:30:00,1133.64,28.72,TRADE
SA1,2020/05/20 13:00:00,1142.48,24.21,TRADE
SA1,2020/05/20 13:30:00,1188.93,22.50,TRADE
SA1,2020/05/20 14:00:00,1229.61,22.85,TRADE
SA1,2020/05/20 14:30:00,1244.16,23.30,TRADE
SA1,2020/05/20 15:00:00,1244.57,24.23,TRADE
SA1,2020/05/20 15:30:00,1341.03,29.16,TRADE
SA1,2020/05/20 16:00:00,1439.27,32.84,TRADE
SA1,2020/05/20 16:30:00,1483.86,37,TRADE
SA1,2020/05/20 17:00:00,1592.65,45.12,TRADE
SA1,2020/05/20 17:30:00,1742.59,65.25,TRADE
SA1,2020/05/20 18:00:00,1864.58,80.88,TRADE
SA1,2020/05/20 18:30:00,1969.75,56.77,TRADE
SA1,2020/05/20 19:00:00,1917.68,43.34,TRADE
SA1,2020/05/20 19:30:00,1841.53,39.40,TRADE
SA1,2020/05/20 20:00:00,1828.21,39.62,TRADE
SA1,2020/05/20 20:30:00,1700.53,68,TRADE
SA1,2020/05/20 21:00:00,1659.01,57.03,TRADE
SA1,2020/05/20 21:30:00,1616.07,34.62,TRADE
SA1,2020/05/20 22:00:00,1533.43,34.99,TRADE
SA1,2020/05/20 22:30:00,1467.38,35.05,TRADE
SA1,2020/05/20 23:00:00,1381.83,31.77,TRADE
SA1,2020/05/20 23:30:00,1326.28,34.74,TRADE
SA1,2020/05/21 00:00:00,1497.01,45.21,TRADE
SA1,2020/05/21 00:30:00,1434.67,47.37,TRADE
SA1,2020/05/21 01:00:00,1406.57,45,TRADE
SA1,2020/05/21 01:30:00,1273.48,46.11,TRADE
SA1,2020/05/21 02:00:00,1219.91,42.69,TRADE
SA1,2020/05/21 02:30:00,1161.82,38.92,TRADE
SA1,2020/05/21 03:00:00,1098.66,38.17,TRADE
SA1,2020/05/21 03:30:00,1072.46,36.74,TRADE
SA1,2020/05/21 04:00:00,1052.15,33.90,TRADE
SA1,2020/05/21 04:30:00,1041.73,21.10,TRADE
SA1,2020/05/21 05:00:00,1040.01,23.62,TRADE
SA1,2020/05/21 05:30:00,1067.61,28.41,TRADE
SA1,2020/05/21 06:00:00,1104.96,31.27,TRADE
SA1,2020/05/21 06:30:00,1118.75,32.02,TRADE
SA1,2020/05/21 07:00:00,1296.75,38.18,TRADE
SA1,2020/05/21 07:30:00,1409.08,46.35,TRADE
SA1,2020/05/21 08:00:00,1556.89,57.80,TRADE
SA1,2020/05/21 08:30:00,1636.41,66.16,TRADE
SA1,2020/05/21 09:00:00,1579.44,64.32,TRADE
SA1,2020/05/21 09:30:00,1520.37,68.98,TRADE
SA1,2020/05/21 10:00:00,1400.17,64.43,TRADE
SA1,2020/05/21 10:30:00,1321.3,62.56,TRADE
SA1,2020/05/21 11:00:00,1322.83,60.05,TRADE
SA1,2020/05/21 11:30:00,1309.11,55.84,TRADE
SA1,2020/05/21 12:00:00,1290.29,56.10,TRADE
SA1,2020/05/21 12:30:00,1287.28,49.78,TRADE
SA1,2020/05/21 13:00:00,1329.78,58.99,TRADE
SA1,2020/05/21 13:30:00,1347.72,54.77,TRADE
SA1,2020/05/21 14:00:00,1417.18,48.13,TRADE
SA1,2020/05/21 14:30:00,1414.62,47.04,TRADE
SA1,2020/05/21 15:00:00,1451.87,47.72,TRADE
SA1,2020/05/21 15:30:00,1485.67,49.94,TRADE
SA1,2020/05/21 16:00:00,1495.01,53.04,TRADE
SA1,2020/05/21 16:30:00,1567.69,93.42,TRADE
SA1,2020/05/21 17:00:00,1683.01,52.50,TRADE
SA1,2020/05/21 17:30:00,1815.51,68.77,TRADE
SA1,2020/05/21 18:00:00,1917.82,135.76,TRADE
SA1,2020/05/21 18:30:00,2082.17,92.84,TRADE
SA1,2020/05/21 19:00:00,2099.92,68.11,TRADE
SA1,2020/05/21 19:30:00,2049.57,58.73,TRADE
SA1,2020/05/21 20:00:00,1964.28,59.41,TRADE
SA1,2020/05/21 20:30:00,1947.71,60.36,TRADE
SA1,2020/05/21 21:00:00,1883.02,60.48,TRADE
SA1,2020/05/21 21:30:00,1809.5,55.33,TRADE
SA1,2020/05/21 22:00:00,1726.43,54.41,TRADE
SA1,2020/05/21 22:30:00,1615.7,57.76,TRADE
SA1,2020/05/21 23:00:00,1516.38,50.99,TRADE
SA1,2020/05/21 23:30:00,1499.55,54.53,TRADE
SA1,2020/05/22 00:00:00,1658.33,61.94,TRADE
SA1,2020/05/22 00:30:00,1613.97,64.10,TRADE
SA1,2020/05/22 01:00:00,1547.15,65.53,TRADE
SA1,2020/05/22 01:30:00,1447.08,64.03,TRADE
SA1,2020/05/22 02:00:00,1365.01,58.83,TRADE
SA1,2020/05/22 02:30:00,1315.12,53.75,TRADE
SA1,2020/05/22 03:00:00,1275.98,52.58,TRADE
SA1,2020/05/22 03:30:00,1231.13,48.20,TRADE
SA1,2020/05/22 04:00:00,1220.15,52.99,TRADE
SA1,2020/05/22 04:30:00,1182.03,47.14,TRADE
SA1,2020/05/22 05:00:00,1185.99,46.89,TRADE
SA1,2020/05/22 05:30:00,1172.31,66.13,TRADE
SA1,2020/05/22 06:00:00,1228.9,58.96,TRADE
SA1,2020/05/22 06:30:00,1271.21,46.97,TRADE
SA1,2020/05/22 07:00:00,1370.92,57.57,TRADE
SA1,2020/05/22 07:30:00,1491.14,62.44,TRADE
SA1,2020/05/22 08:00:00,1596.7,63.24,TRADE
SA1,2020/05/22 08:30:00,1686.76,89.16,TRADE
SA1,2020/05/22 09:00:00,1707.32,95.09,TRADE
SA1,2020/05/22 09:30:00,1695.6,151.32,TRADE
SA1,2020/05/22 10:00:00,1661.3,100.98,TRADE
SA1,2020/05/22 10:30:00,1604.85,74.08,TRADE
SA1,2020/05/22 11:00:00,1565.11,69.19,TRADE
SA1,2020/05/22 11:30:00,1538.47,65.97,TRADE
SA1,2020/05/22 12:00:00,1504.28,65.61,TRADE
SA1,2020/05/22 12:30:00,1545.2,67.34,TRADE
SA1,2020/05/22 13:00:00,1500.17,91.64,TRADE
SA1,2020/05/22 13:30:00,1486.49,77.94,TRADE
SA1,2020/05/22 14:00:00,1542.35,80.26,TRADE
SA1,2020/05/22 14:30:00,1506.7,70.94,TRADE
SA1,2020/05/22 15:00:00,1500.11,76.86,TRADE
SA1,2020/05/22 15:30:00,1493.33,67.18,TRADE
SA1,2020/05/22 16:00:00,1495.57,74.75,TRADE
SA1,2020/05/22 16:30:00,1553.81,84.17,TRADE
SA1,2020/05/22 17:00:00,1653.93,91.66,TRADE
SA1,2020/05/22 17:30:00,1773.77,65.59,TRADE
SA1,2020/05/22 18:00:00,1889.1,77.05,TRADE
SA1,2020/05/22 18:30:00,1987.81,64.14,TRADE
SA1,2020/05/22 19:00:00,1940.43,63.45,TRADE
SA1,2020/05/22 19:30:00,1895.94,61.76,TRADE
SA1,2020/05/22 20:00:00,1833.07,60.61,TRADE
SA1,2020/05/22 20:30:00,1778.41,60.97,TRADE
SA1,2020/05/22 21:00:00,1702.43,54.26,TRADE
SA1,2020/05/22 21:30:00,1667.78,51.93,TRADE
SA1,2020/05/22 22:00:00,1584.25,48.82,TRADE
SA1,2020/05/22 22:30:00,1501.8,60.15,TRADE
SA1,2020/05/22 23:00:00,1461.03,52.21,TRADE
SA1,2020/05/22 23:30:00,1418.02,46.78,TRADE
SA1,2020/05/23 00:00:00,1579.39,55.95,TRADE
SA1,2020/05/23 00:30:00,1512.12,56.36,TRADE
SA1,2020/05/23 01:00:00,1458.59,54.83,TRADE
SA1,2020/05/23 01:30:00,1353.9,48.54,TRADE
SA1,2020/05/23 02:00:00,1267.65,46.70,TRADE
SA1,2020/05/23 02:30:00,1194.89,43.36,TRADE
SA1,2020/05/23 03:00:00,1156.18,40.46,TRADE
SA1,2020/05/23 03:30:00,1108.59,40,TRADE
SA1,2020/05/23 04:00:00,1074.01,36.14,TRADE
SA1,2020/05/23 04:30:00,1062.18,33.67,TRADE
SA1,2020/05/23 05:00:00,1044.4,35.39,TRADE
SA1,2020/05/23 05:30:00,1037.6,38.52,TRADE
SA1,2020/05/23 06:00:00,1059.36,37.99,TRADE
SA1,2020/05/23 06:30:00,1075.86,38.41,TRADE
SA1,2020/05/23 07:00:00,1107.04,39.89,TRADE
SA1,2020/05/23 07:30:00,1138.53,41.40,TRADE
SA1,2020/05/23 08:00:00,1168.05,46.06,TRADE
SA1,2020/05/23 08:30:00,1212.92,60.45,TRADE
SA1,2020/05/23 09:00:00,1197.31,61.74,TRADE
SA1,2020/05/23 09:30:00,1170.26,57.67,TRADE
SA1,2020/05/23 10:00:00,1122.56,51.35,TRADE
SA1,2020/05/23 10:30:00,1053.59,49.59,TRADE
SA1,2020/05/23 11:00:00,1015.66,38.35,TRADE
SA1,2020/05/23 11:30:00,947.98,41.32,TRADE
SA1,2020/05/23 12:00:00,944.16,34.27,TRADE
SA1,2020/05/23 12:30:00,969.22,34.22,TRADE
SA1,2020/05/23 13:00:00,963.35,33.72,TRADE
SA1,2020/05/23 13:30:00,942.29,35.30,TRADE
SA1,2020/05/23 14:00:00,988.51,32.29,TRADE
SA1,2020/05/23 14:30:00,955.09,32.01,TRADE
SA1,2020/05/23 15:00:00,968.32,33.11,TRADE
SA1,2020/05/23 15:30:00,1016.77,38.29,TRADE
SA1,2020/05/23 16:00:00,1125.97,35.61,TRADE
SA1,2020/05/23 16:30:00,1218.61,38.60,TRADE
SA1,2020/05/23 17:00:00,1360.67,36.62,TRADE
SA1,2020/05/23 17:30:00,1518.35,38.59,TRADE
SA1,2020/05/23 18:00:00,1690.81,44.34,TRADE
SA1,2020/05/23 18:30:00,1780.31,41.58,TRADE
SA1,2020/05/23 19:00:00,1776,40.68,TRADE
SA1,2020/05/23 19:30:00,1729.08,41.56,TRADE
SA1,2020/05/23 20:00:00,1698.87,41.86,TRADE
SA1,2020/05/23 20:30:00,1639.68,42.18,TRADE
SA1,2020/05/23 21:00:00,1580.99,41.46,TRADE
SA1,2020/05/23 21:30:00,1532.39,38.12,TRADE
SA1,2020/05/23 22:00:00,1501.33,38.51,TRADE
SA1,2020/05/23 22:30:00,1436.81,38.55,TRADE
SA1,2020/05/23 23:00:00,1381.62,38.33,TRADE
SA1,2020/05/23 23:30:00,1363.29,38.95,TRADE
SA1,2020/05/24 00:00:00,1554.35,41.63,TRADE
SA1,2020/05/24 00:30:00,1513.19,39.92,TRADE
SA1,2020/05/24 01:00:00,1451.34,45.56,TRADE
SA1,2020/05/24 01:30:00,1354.45,38.55,TRADE
SA1,2020/05/24 02:00:00,1252.76,37.33,TRADE
SA1,2020/05/24 02:30:00,1182.18,22.22,TRADE
SA1,2020/05/24 03:00:00,1168.88,13.49,TRADE
SA1,2020/05/24 03:30:00,1121.65,14.20,TRADE
SA1,2020/05/24 04:00:00,1110.16,4.88,TRADE
SA1,2020/05/24 04:30:00,1060.52,21.87,TRADE
SA1,2020/05/24 05:00:00,1075.03,26.60,TRADE
SA1,2020/05/24 05:30:00,1064.87,23.24,TRADE
SA1,2020/05/24 06:00:00,1072.69,27.33,TRADE
SA1,2020/05/24 06:30:00,1083.43,28.42,TRADE
SA1,2020/05/24 07:00:00,1114.32,33.96,TRADE
SA1,2020/05/24 07:30:00,1133.32,35.34,TRADE
SA1,2020/05/24 08:00:00,1150.32,33.42,TRADE
SA1,2020/05/24 08:30:00,1171.06,32.14,TRADE
SA1,2020/05/24 09:00:00,1229.96,36.59,TRADE
SA1,2020/05/24 09:30:00,1238.29,38.09,TRADE
SA1,2020/05/24 10:00:00,1222.08,37.80,TRADE
SA1,2020/05/24 10:30:00,1211.16,33.81,TRADE
SA1,2020/05/24 11:00:00,1231.51,27.90,TRADE
SA1,2020/05/24 11:30:00,1231.67,31.94,TRADE
SA1,2020/05/24 12:00:00,1238.59,36.81,TRADE
SA1,2020/05/24 12:30:00,1216.57,35.62,TRADE
SA1,2020/05/24 13:00:00,1236.6,35.51,TRADE
SA1,2020/05/24 13:30:00,1235.16,35.93,TRADE
SA1,2020/05/24 14:00:00,1250.96,36.48,TRADE
SA1,2020/05/24 14:30:00,1246.26,34.09,TRADE
SA1,2020/05/24 15:00:00,1275.83,36.89,TRADE
SA1,2020/05/24 15:30:00,1320.79,38.73,TRADE
SA1,2020/05/24 16:00:00,1402.26,41.32,TRADE
SA1,2020/05/24 16:30:00,1486.83,46.80,TRADE
SA1,2020/05/24 17:00:00,1596.71,52.76,TRADE
SA1,2020/05/24 17:30:00,1737.76,66.33,TRADE
SA1,2020/05/24 18:00:00,1856.65,152.02,TRADE
SA1,2020/05/24 18:30:00,1975.89,62.16,TRADE
SA1,2020/05/24 19:00:00,1972.41,59.98,TRADE
SA1,2020/05/24 19:30:00,1927.76,55.20,TRADE
SA1,2020/05/24 20:00:00,1879.18,63.58,TRADE
SA1,2020/05/24 20:30:00,1818.03,58.11,TRADE
SA1,2020/05/24 21:00:00,1786.95,59.47,TRADE
SA1,2020/05/24 21:30:00,1709.9,51.48,TRADE
SA1,2020/05/24 22:00:00,1636.48,41.03,TRADE
SA1,2020/05/24 22:30:00,1556.5,39.29,TRADE
SA1,2020/05/24 23:00:00,1503.24,35.74,TRADE
SA1,2020/05/24 23:30:00,1452.92,37.10,TRADE
SA1,2020/05/25 00:00:00,1629.38,40.20,TRADE
SA1,2020/05/25 00:30:00,1591.75,34.62,TRADE
SA1,2020/05/25 01:00:00,1544.18,30.99,TRADE
SA1,2020/05/25 01:30:00,1486.02,27.24,TRADE
SA1,2020/05/25 02:00:00,1415.32,19.67,TRADE
SA1,2020/05/25 02:30:00,1345.7,10.09,TRADE
SA1,2020/05/25 03:00:00,1296.94,8.15,TRADE
SA1,2020/05/25 03:30:00,1251.11,5.26,TRADE
SA1,2020/05/25 04:00:00,1251.47,0.05,TRADE
SA1,2020/05/25 04:30:00,1247.24,0.56,TRADE
SA1,2020/05/25 05:00:00,1236.54,6.66,TRADE
SA1,2020/05/25 05:30:00,1226.66,25.53,TRADE
SA1,2020/05/25 06:00:00,1286.89,33.09,TRADE
SA1,2020/05/25 06:30:00,1335.69,46.61,TRADE
SA1,2020/05/25 07:00:00,1484.78,92.27,TRADE
SA1,2020/05/25 07:30:00,1610.91,61.21,TRADE
SA1,2020/05/25 08:00:00,1750.37,70.19,TRADE
SA1,2020/05/25 08:30:00,1856.87,68.39,TRADE
SA1,2020/05/25 09:00:00,1857.17,55.44,TRADE
SA1,2020/05/25 09:30:00,1814,52.97,TRADE
SA1,2020/05/25 10:00:00,1727.43,53.51,TRADE
SA1,2020/05/25 10:30:00,1642.96,46.02,TRADE
SA1,2020/05/25 11:00:00,1544.64,48.98,TRADE
SA1,2020/05/25 11:30:00,1449.54,43,TRADE
SA1,2020/05/25 12:00:00,1368.29,45.57,TRADE
SA1,2020/05/25 12:30:00,1269.89,45.07,TRADE
SA1,2020/05/25 13:00:00,1193.36,42.81,TRADE
SA1,2020/05/25 13:30:00,1124.83,38.92,TRADE
SA1,2020/05/25 14:00:00,1040.02,36.02,TRADE
SA1,2020/05/25 14:30:00,1048.76,36.51,TRADE
SA1,2020/05/25 15:00:00,1068.51,36.61,TRADE
SA1,2020/05/25 15:30:00,1132.7,41.11,TRADE
SA1,2020/05/25 16:00:00,1249.56,48.78,TRADE
SA1,2020/05/25 16:30:00,1423.49,51.08,TRADE
SA1,2020/05/25 17:00:00,1638.38,104.47,TRADE
SA1,2020/05/25 17:30:00,1797.98,65.92,TRADE
SA1,2020/05/25 18:00:00,1995.56,209.36,TRADE
SA1,2020/05/25 18:30:00,2138.37,58.49,TRADE
SA1,2020/05/25 19:00:00,2150.5,52.28,TRADE
SA1,2020/05/25 19:30:00,2101.15,44.63,TRADE
SA1,2020/05/25 20:00:00,2042.76,44.86,TRADE
SA1,2020/05/25 20:30:00,1961.3,35.14,TRADE
SA1,2020/05/25 21:00:00,1843.82,37.21,TRADE
SA1,2020/05/25 21:30:00,1772.24,36.74,TRADE
SA1,2020/05/25 22:00:00,1715.12,34.46,TRADE
SA1,2020/05/25 22:30:00,1593.64,36.20,TRADE
SA1,2020/05/25 23:00:00,1515.68,31.03,TRADE
SA1,2020/05/25 23:30:00,1490.18,31.95,TRADE
SA1,2020/05/26 00:00:00,1656.77,35.95,TRADE
SA1,2020/05/26 00:30:00,1583.48,35.50,TRADE
SA1,2020/05/26 01:00:00,1518.61,32.74,TRADE
SA1,2020/05/26 01:30:00,1399.51,31.36,TRADE
SA1,2020/05/26 02:00:00,1325.15,31.35,TRADE
SA1,2020/05/26 02:30:00,1288.42,30.34,TRADE
SA1,2020/05/26 03:00:00,1243.65,27.13,TRADE
SA1,2020/05/26 03:30:00,1215.69,22.19,TRADE
SA1,2020/05/26 04:00:00,1177.19,25.78,TRADE
SA1,2020/05/26 04:30:00,1176.11,29.15,TRADE
SA1,2020/05/26 05:00:00,1178.01,28.87,TRADE
SA1,2020/05/26 05:30:00,1176.35,28.31,TRADE
SA1,2020/05/26 06:00:00,1223.99,25.03,TRADE
SA1,2020/05/26 06:30:00,1297.09,30.71,TRADE
SA1,2020/05/26 07:00:00,1417.03,40.69,TRADE
SA1,2020/05/26 07:30:00,1523.54,41.91,TRADE
SA1,2020/05/26 08:00:00,1615.02,47.43,TRADE
SA1,2020/05/26 08:30:00,1698.42,52.42,TRADE
SA1,2020/05/26 09:00:00,1691,47.86,TRADE
SA1,2020/05/26 09:30:00,1599.7,41.62,TRADE
SA1,2020/05/26 10:00:00,1469.36,39.18,TRADE
SA1,2020/05/26 10:30:00,1295.19,31.35,TRADE
SA1,2020/05/26 11:00:00,1171.43,31.94,TRADE
SA1,2020/05/26 11:30:00,1059.39,28,TRADE
SA1,2020/05/26 12:00:00,1028.41,29.48,TRADE
SA1,2020/05/26 12:30:00,940.54,28.58,TRADE
SA1,2020/05/26 13:00:00,948.27,26.99,TRADE
SA1,2020/05/26 13:30:00,1160.15,32.51,TRADE
SA1,2020/05/26 14:00:00,1305.22,35.36,TRADE
SA1,2020/05/26 14:30:00,1294.54,37.07,TRADE
SA1,2020/05/26 15:00:00,1404.04,40.77,TRADE
SA1,2020/05/26 15:30:00,1422.67,41.05,TRADE
SA1,2020/05/26 16:00:00,1441.66,59.70,TRADE
SA1,2020/05/26 16:30:00,1478.57,52.65,TRADE
SA1,2020/05/26 17:00:00,1623.84,45.59,TRADE
SA1,2020/05/26 17:30:00,1742.58,92.43,TRADE
SA1,2020/05/26 18:00:00,1864.46,128.14,TRADE
SA1,2020/05/26 18:30:00,1983.93,61.39,TRADE
SA1,2020/05/26 19:00:00,1971.02,53.55,TRADE
SA1,2020/05/26 19:30:00,1933.45,45.97,TRADE
SA1,2020/05/26 20:00:00,1887.12,42.94,TRADE
SA1,2020/05/26 20:30:00,1807.08,41.08,TRADE
SA1,2020/05/26 21:00:00,1723.01,38.25,TRADE
SA1,2020/05/26 21:30:00,1660.75,37.97,TRADE
SA1,2020/05/26 22:00:00,1592.75,35.83,TRADE
SA1,2020/05/26 22:30:00,1511.97,39.30,TRADE
SA1,2020/05/26 23:00:00,1418.68,30.86,TRADE
SA1,2020/05/26 23:30:00,1340.66,30.57,TRADE
SA1,2020/05/27 00:00:00,1475.34,33.17,TRADE
SA1,2020/05/27 00:30:00,1431.05,32.69,TRADE
SA1,2020/05/27 01:00:00,1406.3,29.59,TRADE
SA1,2020/05/27 01:30:00,1336.55,28.24,TRADE
SA1,2020/05/27 02:00:00,1253.44,28.65,TRADE
SA1,2020/05/27 02:30:00,1204.97,26.56,TRADE
SA1,2020/05/27 03:00:00,1156.42,22.31,TRADE
SA1,2020/05/27 03:30:00,1129.09,10.70,TRADE
SA1,2020/05/27 04:00:00,1083.2,15.68,TRADE
SA1,2020/05/27 04:30:00,1055.46,20.87,TRADE
SA1,2020/05/27 05:00:00,1093.07,28.02,TRADE
SA1,2020/05/27 05:30:00,1107.09,30.26,TRADE
SA1,2020/05/27 06:00:00,1156.31,32.29,TRADE
SA1,2020/05/27 06:30:00,1236.41,42.14,TRADE
SA1,2020/05/27 07:00:00,1349.64,60.57,TRADE
SA1,2020/05/27 07:30:00,1457.39,47.56,TRADE
SA1,2020/05/27 08:00:00,1545.56,48.04,TRADE
SA1,2020/05/27 08:30:00,1630.5,47.61,TRADE
SA1,2020/05/27 09:00:00,1584.4,48.33,TRADE
SA1,2020/05/27 09:30:00,1487.34,48.97,TRADE
SA1,2020/05/27 10:00:00,1395.21,44.15,TRADE
SA1,2020/05/27 10:30:00,1253.03,34.51,TRADE
SA1,2020/05/27 11:00:00,1195.26,31.29,TRADE
SA1,2020/05/27 11:30:00,1188.31,31.50,TRADE
SA1,2020/05/27 12:00:00,1189.2,32.41,TRADE
SA1,2020/05/27 12:30:00,1183.06,30.94,TRADE
SA1,2020/05/27 13:00:00,1218.65,31.20,TRADE
SA1,2020/05/27 13:30:00,1193.29,32.94,TRADE
SA1,2020/05/27 14:00:00,1231.69,33.87,TRADE
SA1,2020/05/27 14:30:00,1281.07,38.18,TRADE
SA1,2020/05/27 15:00:00,1278.27,38.20,TRADE
SA1,2020/05/27 15:30:00,1317.71,38.47,TRADE
SA1,2020/05/27 16:00:00,1388.32,43.27,TRADE
SA1,2020/05/27 16:30:00,1485.98,45.93,TRADE
SA1,2020/05/27 17:00:00,1587.56,52.83,TRADE
SA1,2020/05/27 17:30:00,1737.13,88.65,TRADE
SA1,2020/05/27 18:00:00,1879.41,211.29,TRADE
SA1,2020/05/27 18:30:00,2034.7,133.65,TRADE
SA1,2020/05/27 19:00:00,2048.53,63.26,TRADE
SA1,2020/05/27 19:30:00,2027.55,55.34,TRADE
SA1,2020/05/27 20:00:00,1970.36,52.86,TRADE
SA1,2020/05/27 20:30:00,1917.33,51.54,TRADE
SA1,2020/05/27 21:00:00,1893.66,53.21,TRADE
SA1,2020/05/27 21:30:00,1819,51.39,TRADE
SA1,2020/05/27 22:00:00,1777.55,54.81,TRADE
SA1,2020/05/27 22:30:00,1676.22,60.20,TRADE
SA1,2020/05/27 23:00:00,1590.34,53.62,TRADE
SA1,2020/05/27 23:30:00,1550.44,56,TRADE
SA1,2020/05/28 00:00:00,1713.14,59.91,TRADE
SA1,2020/05/28 00:30:00,1653.35,49.65,TRADE
SA1,2020/05/28 01:00:00,1590.89,48.90,TRADE
SA1,2020/05/28 01:30:00,1462.03,47.47,TRADE
SA1,2020/05/28 02:00:00,1403.7,46.41,TRADE
SA1,2020/05/28 02:30:00,1352.4,55.12,TRADE
SA1,2020/05/28 03:00:00,1304.39,44.58,TRADE
SA1,2020/05/28 03:30:00,1279.21,46.45,TRADE
SA1,2020/05/28 04:00:00,1273.1,44.60,TRADE
SA1,2020/05/28 04:30:00,1255.91,47.06,TRADE
SA1,2020/05/28 05:00:00,1258.07,58.81,TRADE
SA1,2020/05/28 05:30:00,1267.68,56.36,TRADE
SA1,2020/05/28 06:00:00,1310.81,46.65,TRADE
SA1,2020/05/28 06:30:00,1364.64,54.97,TRADE
SA1,2020/05/28 07:00:00,1505.57,59.27,TRADE
SA1,2020/05/28 07:30:00,1586.81,55,TRADE
SA1,2020/05/28 08:00:00,1677.14,56.88,TRADE
SA1,2020/05/28 08:30:00,1721.26,58.33,TRADE
SA1,2020/05/28 09:00:00,1687.29,51.65,TRADE
SA1,2020/05/28 09:30:00,1628.49,48.52,TRADE
SA1,2020/05/28 10:00:00,1521.6,62.67,TRADE
SA1,2020/05/28 10:30:00,1465.8,61.20,TRADE
SA1,2020/05/28 11:00:00,1377.03,50.15,TRADE
SA1,2020/05/28 11:30:00,1291.53,41.36,TRADE
SA1,2020/05/28 12:00:00,1230.96,41.17,TRADE
SA1,2020/05/28 12:30:00,1174.2,39.99,TRADE
SA1,2020/05/28 13:00:00,1128.05,39.45,TRADE
SA1,2020/05/28 13:30:00,1097.12,38.70,TRADE
SA1,2020/05/28 14:00:00,1089.79,37.54,TRADE
SA1,2020/05/28 14:30:00,1129.7,46.23,TRADE
SA1,2020/05/28 15:00:00,1185.41,50.95,TRADE
SA1,2020/05/28 15:30:00,1224.7,61.84,TRADE
SA1,2020/05/28 16:00:00,1265.4,56.66,TRADE
SA1,2020/05/28 16:30:00,1348.65,57.10,TRADE
SA1,2020/05/28 17:00:00,1465.74,50.60,TRADE
SA1,2020/05/28 17:30:00,1648.03,93.96,TRADE
SA1,2020/05/28 18:00:00,1804.74,265.77,TRADE
SA1,2020/05/28 18:30:00,1969.52,219.79,TRADE
SA1,2020/05/28 19:00:00,2015.44,97.63,TRADE
SA1,2020/05/28 19:30:00,1993.46,58.02,TRADE
SA1,2020/05/28 20:00:00,1955.42,62.02,TRADE
SA1,2020/05/28 20:30:00,1908.25,65.29,TRADE
SA1,2020/05/28 21:00:00,1880.61,66.16,TRADE
SA1,2020/05/28 21:30:00,1815.41,65.87,TRADE
SA1,2020/05/28 22:00:00,1727.32,51.13,TRADE
SA1,2020/05/28 22:30:00,1649.97,62.50,TRADE
SA1,2020/05/28 23:00:00,1572.82,67.35,TRADE
SA1,2020/05/28 23:30:00,1512.41,65.46,TRADE
SA1,2020/05/29 00:00:00,1678.21,66.09,TRADE
SA1,2020/05/29 00:30:00,1626.8,66.32,TRADE
SA1,2020/05/29 01:00:00,1553.29,62.17,TRADE
SA1,2020/05/29 01:30:00,1447.8,59.73,TRADE
SA1,2020/05/29 02:00:00,1354.06,46.94,TRADE
SA1,2020/05/29 02:30:00,1297.32,46.20,TRADE
SA1,2020/05/29 03:00:00,1264.19,44.67,TRADE
SA1,2020/05/29 03:30:00,1212.21,39.96,TRADE
SA1,2020/05/29 04:00:00,1170.54,41.27,TRADE
SA1,2020/05/29 04:30:00,1154.72,39.96,TRADE
SA1,2020/05/29 05:00:00,1144.23,37.91,TRADE
SA1,2020/05/29 05:30:00,1140.24,38.11,TRADE
SA1,2020/05/29 06:00:00,1179.55,41.55,TRADE
SA1,2020/05/29 06:30:00,1226.01,41.49,TRADE
SA1,2020/05/29 07:00:00,1342.92,47.81,TRADE
SA1,2020/05/29 07:30:00,1461.87,57.65,TRADE
SA1,2020/05/29 08:00:00,1593.12,61.34,TRADE
SA1,2020/05/29 08:30:00,1655.99,62.96,TRADE
SA1,2020/05/29 09:00:00,1599.55,54.89,TRADE
SA1,2020/05/29 09:30:00,1462.45,44.19,TRADE
SA1,2020/05/29 10:00:00,1348.88,40.03,TRADE
SA1,2020/05/29 10:30:00,1206.77,41.81,TRADE
SA1,2020/05/29 11:00:00,1066.79,36.51,TRADE
SA1,2020/05/29 11:30:00,951.7,33.19,TRADE
SA1,2020/05/29 12:00:00,885.4,30.87,TRADE
SA1,2020/05/29 12:30:00,863.78,28.48,TRADE
SA1,2020/05/29 13:00:00,827.7,27.26,TRADE
SA1,2020/05/29 13:30:00,813.63,27.81,TRADE
SA1,2020/05/29 14:00:00,799.27,28.83,TRADE
SA1,2020/05/29 14:30:00,811.42,29.56,TRADE
SA1,2020/05/29 15:00:00,854.31,29.53,TRADE
SA1,2020/05/29 15:30:00,924.34,32.24,TRADE
SA1,2020/05/29 16:00:00,1007.08,39.35,TRADE
SA1,2020/05/29 16:30:00,1155.44,49.41,TRADE
SA1,2020/05/29 17:00:00,1305.4,56.15,TRADE
SA1,2020/05/29 17:30:00,1487.1,79.95,TRADE
SA1,2020/05/29 18:00:00,1607.7,159.17,TRADE
SA1,2020/05/29 18:30:00,1770.51,72.67,TRADE
SA1,2020/05/29 19:00:00,1779.52,57.21,TRADE
SA1,2020/05/29 19:30:00,1739.83,46.08,TRADE
SA1,2020/05/29 20:00:00,1663,50.43,TRADE
SA1,2020/05/29 20:30:00,1621.41,46.33,TRADE
SA1,2020/05/29 21:00:00,1578.31,39.72,TRADE
SA1,2020/05/29 21:30:00,1523.92,35.24,TRADE
SA1,2020/05/29 22:00:00,1456.6,34.01,TRADE
SA1,2020/05/29 22:30:00,1403.71,32.96,TRADE
SA1,2020/05/29 23:00:00,1347.46,32.97,TRADE
SA1,2020/05/29 23:30:00,1315.68,33.47,TRADE
SA1,2020/05/30 00:00:00,1460.85,36.48,TRADE
SA1,2020/05/30 00:30:00,1389.7,34.45,TRADE
SA1,2020/05/30 01:00:00,1352.13,33.19,TRADE
SA1,2020/05/30 01:30:00,1242.48,29.66,TRADE
SA1,2020/05/30 02:00:00,1161.93,18.80,TRADE
SA1,2020/05/30 02:30:00,1095.24,7.45,TRADE
SA1,2020/05/30 03:00:00,1058.15,-1.72,TRADE
SA1,2020/05/30 03:30:00,1033.28,-10.05,TRADE
SA1,2020/05/30 04:00:00,999.84,-2.63,TRADE
SA1,2020/05/30 04:30:00,970.06,5.01,TRADE
SA1,2020/05/30 05:00:00,964.01,3.09,TRADE
SA1,2020/05/30 05:30:00,972.58,2.86,TRADE
SA1,2020/05/30 06:00:00,975.13,1.79,TRADE
SA1,2020/05/30 06:30:00,991.51,8.24,TRADE
SA1,2020/05/30 07:00:00,1024.52,11.85,TRADE
SA1,2020/05/30 07:30:00,1067.5,7.89,TRADE
SA1,2020/05/30 08:00:00,1101.15,15.80,TRADE
SA1,2020/05/30 08:30:00,1128.39,20.78,TRADE
SA1,2020/05/30 09:00:00,1089.62,17.99,TRADE
SA1,2020/05/30 09:30:00,996.23,6.42,TRADE
SA1,2020/05/30 10:00:00,907.78,-7.82,TRADE
SA1,2020/05/30 10:30:00,800.96,-11.79,TRADE
SA1,2020/05/30 11:00:00,723.49,-18.50,TRADE
SA1,2020/05/30 11:30:00,701.4,-74.91,TRADE
SA1,2020/05/30 12:00:00,734.28,-56.95,TRADE
SA1,2020/05/30 12:30:00,823.69,-122.55,TRADE
SA1,2020/05/30 13:00:00,993.98,-13.95,TRADE
SA1,2020/05/30 13:30:00,1033.44,1.68,TRADE
SA1,2020/05/30 14:00:00,1148.33,5.49,TRADE
SA1,2020/05/30 14:30:00,1230.44,9.44,TRADE
SA1,2020/05/30 15:00:00,1255.49,14.87,TRADE
SA1,2020/05/30 15:30:00,1281.74,22.65,TRADE
SA1,2020/05/30 16:00:00,1363.2,29.40,TRADE
SA1,2020/05/30 16:30:00,1384.12,33.34,TRADE
SA1,2020/05/30 17:00:00,1370.11,38.27,TRADE
SA1,2020/05/30 17:30:00,1421.47,44.78,TRADE
SA1,2020/05/30 18:00:00,1556.9,62.81,TRADE
SA1,2020/05/30 18:30:00,1606.71,44.90,TRADE
SA1,2020/05/30 19:00:00,1573.84,40.19,TRADE
SA1,2020/05/30 19:30:00,1544.4,37.45,TRADE
SA1,2020/05/30 20:00:00,1510.89,34.42,TRADE
SA1,2020/05/30 20:30:00,1504.63,33.24,TRADE
SA1,2020/05/30 21:00:00,1506.75,33.03,TRADE
SA1,2020/05/30 21:30:00,1475.97,32.14,TRADE
SA1,2020/05/30 22:00:00,1432.25,29.43,TRADE
SA1,2020/05/30 22:30:00,1417.03,19.97,TRADE
SA1,2020/05/30 23:00:00,1334.23,13.36,TRADE
SA1,2020/05/30 23:30:00,1319.34,16.98,TRADE
SA1,2020/05/31 00:00:00,1502.42,34.40,TRADE
SA1,2020/05/31 00:30:00,1489.71,30.09,TRADE
SA1,2020/05/31 01:00:00,1434.36,29.75,TRADE
SA1,2020/05/31 01:30:00,1321.84,31.26,TRADE
SA1,2020/05/31 02:00:00,1265.99,22.37,TRADE
SA1,2020/05/31 02:30:00,1219.45,17.05,TRADE
SA1,2020/05/31 03:00:00,1192.52,21.24,TRADE
SA1,2020/05/31 03:30:00,1134.61,17.60,TRADE
SA1,2020/05/31 04:00:00,1149.08,11.61,TRADE
SA1,2020/05/31 04:30:00,1143.98,9.84,TRADE
SA1,2020/05/31 05:00:00,1133.89,10.05,TRADE
SA1,2020/05/31 05:30:00,1110.48,17.13,TRADE
SA1,2020/05/31 06:00:00,1102.32,26.55,TRADE
SA1,2020/05/31 06:30:00,1108.46,31.33,TRADE
SA1,2020/05/31 07:00:00,1129.88,33.79,TRADE
SA1,2020/05/31 07:30:00,1147.11,35.69,TRADE
SA1,2020/05/31 08:00:00,1156.08,36.82,TRADE
SA1,2020/05/31 08:30:00,1220.63,37.95,TRADE
SA1,2020/05/31 09:00:00,1252.18,40,TRADE
SA1,2020/05/31 09:30:00,1210.49,41.54,TRADE
SA1,2020/05/31 10:00:00,1170.42,38.81,TRADE
SA1,2020/05/31 10:30:00,1117.99,34.97,TRADE
SA1,2020/05/31 11:00:00,1077.62,32.65,TRADE
SA1,2020/05/31 11:30:00,1103.18,24.29,TRADE
SA1,2020/05/31 12:00:00,1141.23,20.73,TRADE
SA1,2020/05/31 12:30:00,1088.71,15.30,TRADE
SA1,2020/05/31 13:00:00,1118.21,8.68,TRADE
SA1,2020/05/31 13:30:00,1116.85,9.10,TRADE
SA1,2020/05/31 14:00:00,1160.26,9.24,TRADE
SA1,2020/05/31 14:30:00,1211.2,20.33,TRADE
SA1,2020/05/31 15:00:00,1267.62,28.29,TRADE
SA1,2020/05/31 15:30:00,1289.91,31.44,TRADE
SA1,2020/05/31 16:00:00,1215.09,32.11,TRADE
SA1,2020/05/31 16:30:00,1287.19,36.06,TRADE
SA1,2020/05/31 17:00:00,1403.02,38.30,TRADE
SA1,2020/05/31 17:30:00,1525.59,83.49,TRADE
SA1,2020/05/31 18:00:00,1693.59,55.31,TRADE
SA1,2020/05/31 18:30:00,1774.78,43.63,TRADE
SA1,2020/05/31 19:00:00,1741.64,38.94,TRADE
SA1,2020/05/31 19:30:00,1665.59,37.53,TRADE
SA1,2020/05/31 20:00:00,1613.36,36.57,TRADE
SA1,2020/05/31 20:30:00,1572.85,35.23,TRADE
SA1,2020/05/31 21:00:00,1533.26,35.16,TRADE
SA1,2020/05/31 21:30:00,1471.42,34.91,TRADE
SA1,2020/05/31 22:00:00,1426.56,31.27,TRADE
SA1,2020/05/31 22:30:00,1414.16,29.72,TRADE
SA1,2020/05/31 23:00:00,1397.17,18.97,TRADE
SA1,2020/05/31 23:30:00,1357.05,24.55,TRADE
SA1,2020/06/01 00:00:00,1555.83,30.86,TRADE
